# Blender v2.78 (sub 0) OBJ File: 'cup_of_tea.blend'
# www.blender.org
mtllib cup_of_tea.mtl
o Torus
v 1.404332 0.177585 -1.782909
v 1.413259 0.177516 -1.780275
v 1.421771 0.177308 -1.776505
v 1.429715 0.176967 -1.771665
v 1.436958 0.176497 -1.765838
v 1.443380 0.175907 -1.759121
v 1.448864 0.175207 -1.751633
v 1.453322 0.174408 -1.743499
v 1.456676 0.173525 -1.734859
v 1.458866 0.172573 -1.725861
v 1.459858 0.171567 -1.716659
v 1.459634 0.170526 -1.707411
v 1.458196 0.169466 -1.698274
v 1.455572 0.168406 -1.689405
v 1.451803 0.167365 -1.680956
v 1.446956 0.166359 -1.673072
v 1.441114 0.165406 -1.665887
v 1.434376 0.164523 -1.659524
v 1.426857 0.163725 -1.654092
v 1.418689 0.163025 -1.649683
v 1.410006 0.162435 -1.646375
v 1.400962 0.161965 -1.644221
v 1.391709 0.161624 -1.643261
v 1.382403 0.161416 -1.643511
v 1.373210 0.161347 -1.644966
v 1.364282 0.161416 -1.647600
v 1.355769 0.161624 -1.651370
v 1.347826 0.161965 -1.656210
v 1.340583 0.162435 -1.662037
v 1.334160 0.163025 -1.668754
v 1.328677 0.163725 -1.676242
v 1.324218 0.164523 -1.684377
v 1.320865 0.165406 -1.693017
v 1.318676 0.166359 -1.702014
v 1.317682 0.167365 -1.711216
v 1.317906 0.168406 -1.720464
v 1.319344 0.169466 -1.729601
v 1.321969 0.170526 -1.738470
v 1.325737 0.171567 -1.746919
v 1.330585 0.172573 -1.754803
v 1.336426 0.173525 -1.761989
v 1.343164 0.174408 -1.768352
v 1.350683 0.175207 -1.773784
v 1.358851 0.175907 -1.778192
v 1.367535 0.176497 -1.781500
v 1.376578 0.176967 -1.783654
v 1.385831 0.177308 -1.784614
v 1.395137 0.177516 -1.784364
v 1.371956 1.448464 -1.639408
v 1.380885 1.448356 -1.636779
v 1.389400 1.448031 -1.633026
v 1.397351 1.447496 -1.628214
v 1.404602 1.446759 -1.622425
v 1.411035 1.445835 -1.615757
v 1.416532 1.444737 -1.608326
v 1.421005 1.443485 -1.600257
v 1.424375 1.442102 -1.591690
v 1.426582 1.440609 -1.582770
v 1.427594 1.439032 -1.573651
v 1.427389 1.437399 -1.564488
v 1.425971 1.435739 -1.555438
v 1.423366 1.434078 -1.546656
v 1.419616 1.432445 -1.538293
v 1.414787 1.430869 -1.530491
v 1.408964 1.429376 -1.523383
v 1.402242 1.427991 -1.517092
v 1.394738 1.426740 -1.511726
v 1.386583 1.425642 -1.507375
v 1.377910 1.424718 -1.504115
v 1.368875 1.423981 -1.502000
v 1.359629 1.423446 -1.501068
v 1.350327 1.423121 -1.501336
v 1.341135 1.423012 -1.502795
v 1.332205 1.423121 -1.505424
v 1.323689 1.423446 -1.509177
v 1.315738 1.423981 -1.513988
v 1.308487 1.424718 -1.519778
v 1.302054 1.425642 -1.526446
v 1.296558 1.426740 -1.533877
v 1.292084 1.427991 -1.541945
v 1.288714 1.429376 -1.550513
v 1.286508 1.430869 -1.559433
v 1.285496 1.432445 -1.568552
v 1.285700 1.434078 -1.577715
v 1.287118 1.435739 -1.586765
v 1.289723 1.437399 -1.595547
v 1.293473 1.439032 -1.603910
v 1.298303 1.440609 -1.611712
v 1.304125 1.442102 -1.618820
v 1.310847 1.443485 -1.625110
v 1.318352 1.444737 -1.630477
v 1.326507 1.445835 -1.634828
v 1.335179 1.446759 -1.638088
v 1.344214 1.447496 -1.640202
v 1.353460 1.448031 -1.641135
v 1.362763 1.448356 -1.640868
v 1.370298 1.483367 -1.632062
v 1.379229 1.483219 -1.629442
v 1.387751 1.482778 -1.625713
v 1.395710 1.482052 -1.620941
v 1.402974 1.481052 -1.615208
v 1.409422 1.479796 -1.608609
v 1.414937 1.478306 -1.601261
v 1.419432 1.476607 -1.593286
v 1.422826 1.474728 -1.584823
v 1.425058 1.472701 -1.576016
v 1.426096 1.470560 -1.567015
v 1.425920 1.468344 -1.557975
v 1.424530 1.466089 -1.549050
v 1.421953 1.463833 -1.540394
v 1.418231 1.461616 -1.532153
v 1.413429 1.459476 -1.524470
v 1.407631 1.457449 -1.517475
v 1.400933 1.455570 -1.511289
v 1.393449 1.453871 -1.506016
v 1.385313 1.452381 -1.501747
v 1.376656 1.451125 -1.498558
v 1.367634 1.450125 -1.496498
v 1.358397 1.449399 -1.495606
v 1.349100 1.448958 -1.495898
v 1.339910 1.448810 -1.497366
v 1.330978 1.448958 -1.499986
v 1.322456 1.449399 -1.503715
v 1.314497 1.450125 -1.508486
v 1.307233 1.451125 -1.514220
v 1.300785 1.452381 -1.520818
v 1.295269 1.453871 -1.528167
v 1.290775 1.455570 -1.536142
v 1.287381 1.457449 -1.544605
v 1.285149 1.459476 -1.553411
v 1.284111 1.461616 -1.562413
v 1.284287 1.463833 -1.571453
v 1.285677 1.466089 -1.580377
v 1.288254 1.468344 -1.589034
v 1.291976 1.470560 -1.597275
v 1.296779 1.472701 -1.604957
v 1.302576 1.474728 -1.611953
v 1.309274 1.476607 -1.618139
v 1.316758 1.478306 -1.623412
v 1.324894 1.479796 -1.627680
v 1.333551 1.481052 -1.630870
v 1.342573 1.482052 -1.632930
v 1.351810 1.482778 -1.633822
v 1.361107 1.483219 -1.633530
v 1.368143 1.517702 -1.622505
v 1.377075 1.517516 -1.619895
v 1.385604 1.516961 -1.616199
v 1.393575 1.516046 -1.611479
v 1.400856 1.514787 -1.605818
v 1.407324 1.513206 -1.599310
v 1.412864 1.511330 -1.592069
v 1.417386 1.509190 -1.584217
v 1.420810 1.506824 -1.575889
v 1.423076 1.504271 -1.567229
v 1.424149 1.501576 -1.558382
v 1.424007 1.498785 -1.549502
v 1.422655 1.495945 -1.540740
v 1.420114 1.493105 -1.532245
v 1.416429 1.490314 -1.524165
v 1.411662 1.487619 -1.516636
v 1.405897 1.485067 -1.509788
v 1.399229 1.482700 -1.503737
v 1.391773 1.480561 -1.498587
v 1.383661 1.478684 -1.494426
v 1.375024 1.477103 -1.491326
v 1.366019 1.475844 -1.489339
v 1.356793 1.474930 -1.488500
v 1.347504 1.474374 -1.488823
v 1.338315 1.474188 -1.490302
v 1.329382 1.474374 -1.492911
v 1.320853 1.474930 -1.496608
v 1.312882 1.475844 -1.501328
v 1.305602 1.477103 -1.506989
v 1.299133 1.478684 -1.513496
v 1.293593 1.480561 -1.520738
v 1.289071 1.482700 -1.528590
v 1.285647 1.485067 -1.536918
v 1.283382 1.487619 -1.545578
v 1.282309 1.490314 -1.554424
v 1.282449 1.493105 -1.563304
v 1.283803 1.495945 -1.572067
v 1.286342 1.498785 -1.580561
v 1.290028 1.501576 -1.588641
v 1.294796 1.504271 -1.596170
v 1.300560 1.506824 -1.603019
v 1.307228 1.509190 -1.609070
v 1.314684 1.511330 -1.614219
v 1.322796 1.513206 -1.618381
v 1.331433 1.514787 -1.621481
v 1.340438 1.516046 -1.623467
v 1.349664 1.516961 -1.624308
v 1.358953 1.517516 -1.623984
v 1.365497 1.551323 -1.610778
v 1.374433 1.551099 -1.608182
v 1.382970 1.550432 -1.604524
v 1.390955 1.549333 -1.599869
v 1.398256 1.547821 -1.594296
v 1.404750 1.545921 -1.587899
v 1.410319 1.543666 -1.580790
v 1.414876 1.541095 -1.573089
v 1.418337 1.538252 -1.564927
v 1.420643 1.535185 -1.556446
v 1.421759 1.531947 -1.547789
v 1.421662 1.528593 -1.539105
v 1.420354 1.525181 -1.530542
v 1.417859 1.521768 -1.522248
v 1.414218 1.518415 -1.514364
v 1.409493 1.515177 -1.507025
v 1.403769 1.512110 -1.500355
v 1.397138 1.509266 -1.494470
v 1.389717 1.506695 -1.489471
v 1.381635 1.504441 -1.485442
v 1.373023 1.502541 -1.482454
v 1.364037 1.501028 -1.480555
v 1.354826 1.499929 -1.479780
v 1.345545 1.499262 -1.480142
v 1.336360 1.499038 -1.481634
v 1.327424 1.499262 -1.484230
v 1.318886 1.499929 -1.487888
v 1.310900 1.501028 -1.492544
v 1.303600 1.502541 -1.498116
v 1.297106 1.504441 -1.504513
v 1.291537 1.506695 -1.511622
v 1.286980 1.509266 -1.519323
v 1.283519 1.512110 -1.527485
v 1.281213 1.515177 -1.535966
v 1.280097 1.518415 -1.544623
v 1.280193 1.521768 -1.553307
v 1.281502 1.525181 -1.561869
v 1.283997 1.528593 -1.570164
v 1.287638 1.531947 -1.578048
v 1.292363 1.535185 -1.585388
v 1.298087 1.538252 -1.592057
v 1.304718 1.541095 -1.597942
v 1.312139 1.543666 -1.602940
v 1.320221 1.545921 -1.606970
v 1.328833 1.547821 -1.609958
v 1.337819 1.549333 -1.611857
v 1.347030 1.550432 -1.612632
v 1.356311 1.551099 -1.612270
v 1.362372 1.584086 -1.596931
v 1.371312 1.583825 -1.594350
v 1.379859 1.583050 -1.590738
v 1.387863 1.581770 -1.586159
v 1.395186 1.580011 -1.580691
v 1.401711 1.577801 -1.574425
v 1.407314 1.575177 -1.567472
v 1.411911 1.572186 -1.559948
v 1.415417 1.568878 -1.551983
v 1.417771 1.565310 -1.543714
v 1.418937 1.561542 -1.535280
v 1.418892 1.557640 -1.526828
v 1.417637 1.553670 -1.518502
v 1.415195 1.549700 -1.510443
v 1.411607 1.545798 -1.502791
v 1.406932 1.542031 -1.495675
v 1.401256 1.538462 -1.489218
v 1.394670 1.535154 -1.483529
v 1.387288 1.532163 -1.478707
v 1.379241 1.529540 -1.474834
v 1.370659 1.527329 -1.471977
v 1.361697 1.525569 -1.470182
v 1.352503 1.524291 -1.469483
v 1.343233 1.523515 -1.469892
v 1.334051 1.523254 -1.471399
v 1.325111 1.523515 -1.473980
v 1.316563 1.524291 -1.477592
v 1.308560 1.525569 -1.482171
v 1.301237 1.527329 -1.487639
v 1.294713 1.529540 -1.493905
v 1.289108 1.532163 -1.500858
v 1.284512 1.535154 -1.508382
v 1.281006 1.538462 -1.516347
v 1.278653 1.542031 -1.524616
v 1.277486 1.545798 -1.533050
v 1.277530 1.549700 -1.541502
v 1.278785 1.553670 -1.549828
v 1.281227 1.557640 -1.557887
v 1.284816 1.561542 -1.565540
v 1.289491 1.565310 -1.572655
v 1.295167 1.568878 -1.579113
v 1.301753 1.572186 -1.584801
v 1.309134 1.575177 -1.589622
v 1.317182 1.577801 -1.593496
v 1.325763 1.580011 -1.596353
v 1.334726 1.581770 -1.598147
v 1.343919 1.583050 -1.598847
v 1.353190 1.583825 -1.598438
v 1.358784 1.615850 -1.581024
v 1.367727 1.615554 -1.578460
v 1.376287 1.614672 -1.574901
v 1.384309 1.613219 -1.570409
v 1.391660 1.611220 -1.565061
v 1.398218 1.608708 -1.558947
v 1.403862 1.605728 -1.552172
v 1.408505 1.602329 -1.544852
v 1.412062 1.598570 -1.537113
v 1.414471 1.594516 -1.529087
v 1.415695 1.590235 -1.520911
v 1.415710 1.585802 -1.512725
v 1.414516 1.581291 -1.504669
v 1.412136 1.576780 -1.496881
v 1.408607 1.572346 -1.489495
v 1.403991 1.568066 -1.482636
v 1.398369 1.564011 -1.476422
v 1.391834 1.560253 -1.470960
v 1.384498 1.556854 -1.466342
v 1.376492 1.553873 -1.462648
v 1.367944 1.551362 -1.459941
v 1.359008 1.549363 -1.458267
v 1.349834 1.547910 -1.457655
v 1.340576 1.547028 -1.458116
v 1.331398 1.546732 -1.459641
v 1.322454 1.547028 -1.462205
v 1.313894 1.547910 -1.465764
v 1.305871 1.549363 -1.470255
v 1.298521 1.551362 -1.475604
v 1.291963 1.553873 -1.481719
v 1.286318 1.556854 -1.488493
v 1.281676 1.560253 -1.495813
v 1.278119 1.564011 -1.503552
v 1.275711 1.568066 -1.511578
v 1.274487 1.572346 -1.519754
v 1.274470 1.576780 -1.527940
v 1.275664 1.581291 -1.535996
v 1.278045 1.585802 -1.543784
v 1.281574 1.590235 -1.551170
v 1.286191 1.594516 -1.558028
v 1.291812 1.598570 -1.564243
v 1.298347 1.602329 -1.569705
v 1.305683 1.605728 -1.574323
v 1.313689 1.608708 -1.578017
v 1.322237 1.611220 -1.580724
v 1.331172 1.613219 -1.582398
v 1.340346 1.614672 -1.583010
v 1.349605 1.615554 -1.582549
v 1.354745 1.646480 -1.563123
v 1.363693 1.646150 -1.560580
v 1.372266 1.645166 -1.557081
v 1.380311 1.643545 -1.552687
v 1.387692 1.641314 -1.547474
v 1.394289 1.638512 -1.541529
v 1.399978 1.635187 -1.534956
v 1.404673 1.631396 -1.527866
v 1.408287 1.627202 -1.520380
v 1.410758 1.622679 -1.512629
v 1.412047 1.617904 -1.504742
v 1.412130 1.612958 -1.496855
v 1.411005 1.607925 -1.489104
v 1.408693 1.602893 -1.481621
v 1.405232 1.597947 -1.474534
v 1.400681 1.593171 -1.467965
v 1.395121 1.588648 -1.462024
v 1.388643 1.584455 -1.456815
v 1.381359 1.580664 -1.452428
v 1.373398 1.577339 -1.448935
v 1.364888 1.574537 -1.446398
v 1.355984 1.572306 -1.444859
v 1.346832 1.570685 -1.444345
v 1.337586 1.569701 -1.444866
v 1.328413 1.569371 -1.446410
v 1.319465 1.569701 -1.448955
v 1.310892 1.570685 -1.452454
v 1.302847 1.572306 -1.456847
v 1.295465 1.574537 -1.462061
v 1.288869 1.577339 -1.468005
v 1.283179 1.580664 -1.474579
v 1.278485 1.584455 -1.481668
v 1.274871 1.588648 -1.489154
v 1.272401 1.593171 -1.496906
v 1.271111 1.597947 -1.504793
v 1.271028 1.602893 -1.512680
v 1.272153 1.607925 -1.520430
v 1.274465 1.612958 -1.527914
v 1.277926 1.617904 -1.535001
v 1.282478 1.622679 -1.541570
v 1.288037 1.627202 -1.547510
v 1.294515 1.631396 -1.552719
v 1.301798 1.635187 -1.557107
v 1.309760 1.638512 -1.560600
v 1.318269 1.641314 -1.563137
v 1.327174 1.643545 -1.564676
v 1.336326 1.645166 -1.565190
v 1.345571 1.646150 -1.564668
v 1.350275 1.675843 -1.543307
v 1.359227 1.675481 -1.540787
v 1.367815 1.674399 -1.537353
v 1.375885 1.672617 -1.533068
v 1.383299 1.670165 -1.528004
v 1.389938 1.667085 -1.522247
v 1.395679 1.663429 -1.515897
v 1.400430 1.659261 -1.509061
v 1.404108 1.654651 -1.501857
v 1.406647 1.649679 -1.494408
v 1.408008 1.644429 -1.486841
v 1.408166 1.638991 -1.479286
v 1.407117 1.633459 -1.471872
v 1.404881 1.627927 -1.464727
v 1.401495 1.622489 -1.457972
v 1.397017 1.617240 -1.451723
v 1.391525 1.612267 -1.446085
v 1.385110 1.607657 -1.441158
v 1.377884 1.603489 -1.437024
v 1.369973 1.599834 -1.433754
v 1.361506 1.596754 -1.431406
v 1.352635 1.594301 -1.430016
v 1.343507 1.592520 -1.429611
v 1.334277 1.591438 -1.430197
v 1.325109 1.591075 -1.431764
v 1.316155 1.591438 -1.434286
v 1.307567 1.592520 -1.437719
v 1.299498 1.594301 -1.442004
v 1.292083 1.596754 -1.447068
v 1.285445 1.599834 -1.452825
v 1.279704 1.603489 -1.459175
v 1.274952 1.607657 -1.466011
v 1.271275 1.612267 -1.473215
v 1.268736 1.617240 -1.480664
v 1.267375 1.622489 -1.488231
v 1.267216 1.627927 -1.495786
v 1.268265 1.633459 -1.503199
v 1.270501 1.638992 -1.510345
v 1.273888 1.644429 -1.517100
v 1.278367 1.649679 -1.523350
v 1.283858 1.654651 -1.528987
v 1.290272 1.659261 -1.533914
v 1.297499 1.663429 -1.538048
v 1.305409 1.667085 -1.541318
v 1.313877 1.670165 -1.543667
v 1.322748 1.672617 -1.545057
v 1.331875 1.674399 -1.545462
v 1.341105 1.675481 -1.544875
v 1.345391 1.703816 -1.521661
v 1.354349 1.703422 -1.519164
v 1.362953 1.702247 -1.515803
v 1.371049 1.700312 -1.511636
v 1.378501 1.697649 -1.506736
v 1.385186 1.694303 -1.501184
v 1.390981 1.690333 -1.495077
v 1.395795 1.685806 -1.488519
v 1.399542 1.680799 -1.481622
v 1.402156 1.675399 -1.474505
v 1.403597 1.669697 -1.467287
v 1.403836 1.663791 -1.460094
v 1.402871 1.657783 -1.453050
v 1.400718 1.651774 -1.446272
v 1.397413 1.645869 -1.439879
v 1.393013 1.640167 -1.433979
v 1.387597 1.634767 -1.428674
v 1.381251 1.629760 -1.424053
v 1.374087 1.625233 -1.420197
v 1.366231 1.621263 -1.417171
v 1.357810 1.617918 -1.415027
v 1.348977 1.615254 -1.413800
v 1.339876 1.613319 -1.413514
v 1.330662 1.612144 -1.414173
v 1.321499 1.611750 -1.415764
v 1.312540 1.612144 -1.418262
v 1.303936 1.613319 -1.421623
v 1.295840 1.615254 -1.425789
v 1.288388 1.617918 -1.430689
v 1.281703 1.621263 -1.436241
v 1.275908 1.625233 -1.442348
v 1.271093 1.629760 -1.448906
v 1.267347 1.634767 -1.455804
v 1.264733 1.640167 -1.462921
v 1.263292 1.645869 -1.470139
v 1.263052 1.651775 -1.477331
v 1.264019 1.657783 -1.484376
v 1.266171 1.663791 -1.491153
v 1.269476 1.669697 -1.497546
v 1.273876 1.675399 -1.503446
v 1.279293 1.680799 -1.508752
v 1.285637 1.685806 -1.513372
v 1.292801 1.690333 -1.517228
v 1.300657 1.694303 -1.520255
v 1.309079 1.697649 -1.522398
v 1.317913 1.700312 -1.523625
v 1.327013 1.702247 -1.523911
v 1.336227 1.703422 -1.523252
v 1.340115 1.730277 -1.498276
v 1.349079 1.729853 -1.495805
v 1.357701 1.728591 -1.492521
v 1.365826 1.726510 -1.488483
v 1.373317 1.723647 -1.483759
v 1.380053 1.720051 -1.478429
v 1.385907 1.715783 -1.472586
v 1.390789 1.710917 -1.466327
v 1.394610 1.705535 -1.459762
v 1.397305 1.699729 -1.453002
v 1.398831 1.693600 -1.446162
v 1.399158 1.687252 -1.439361
v 1.398283 1.680793 -1.432714
v 1.396220 1.674334 -1.426336
v 1.393003 1.667985 -1.420334
v 1.388689 1.661856 -1.414812
v 1.383353 1.656051 -1.409864
v 1.377082 1.650669 -1.405575
v 1.369986 1.645802 -1.402020
v 1.362190 1.641534 -1.399256
v 1.353819 1.637938 -1.397334
v 1.345024 1.635075 -1.396284
v 1.335953 1.632995 -1.396126
v 1.326756 1.631732 -1.396863
v 1.317600 1.631309 -1.398480
v 1.308634 1.631732 -1.400951
v 1.300013 1.632995 -1.404235
v 1.291887 1.635075 -1.408272
v 1.284396 1.637938 -1.412997
v 1.277661 1.641534 -1.418327
v 1.271806 1.645802 -1.424170
v 1.266924 1.650669 -1.430428
v 1.263103 1.656051 -1.436994
v 1.260409 1.661856 -1.443754
v 1.258883 1.667985 -1.450593
v 1.258554 1.674334 -1.457395
v 1.259430 1.680793 -1.464041
v 1.261493 1.687252 -1.470420
v 1.264710 1.693600 -1.476422
v 1.269025 1.699729 -1.481944
v 1.274361 1.705535 -1.486892
v 1.280631 1.710917 -1.491180
v 1.287727 1.715783 -1.494736
v 1.295524 1.720051 -1.497500
v 1.303895 1.723647 -1.499422
v 1.312689 1.726510 -1.500472
v 1.321761 1.728591 -1.500630
v 1.330957 1.729853 -1.499893
v 1.334469 1.755113 -1.473252
v 1.343440 1.754662 -1.470810
v 1.352080 1.753317 -1.467609
v 1.360236 1.751100 -1.463709
v 1.367771 1.748050 -1.459173
v 1.374559 1.744219 -1.454081
v 1.380477 1.739671 -1.448519
v 1.385431 1.734486 -1.442581
v 1.389333 1.728752 -1.436370
v 1.392114 1.722566 -1.429994
v 1.393731 1.716036 -1.423559
v 1.394153 1.709271 -1.417176
v 1.393373 1.702390 -1.410955
v 1.391407 1.695508 -1.405002
v 1.388285 1.688744 -1.399419
v 1.384061 1.682213 -1.394301
v 1.378812 1.676028 -1.389737
v 1.372622 1.670294 -1.385803
v 1.365598 1.665108 -1.382568
v 1.357865 1.660561 -1.380086
v 1.349547 1.656730 -1.378401
v 1.340796 1.653679 -1.377541
v 1.331755 1.651463 -1.377519
v 1.322577 1.650117 -1.378339
v 1.313427 1.649666 -1.379985
v 1.304455 1.650117 -1.382428
v 1.295815 1.651463 -1.385628
v 1.287659 1.653679 -1.389529
v 1.280125 1.656730 -1.394063
v 1.273336 1.660561 -1.399157
v 1.267418 1.665108 -1.404719
v 1.262464 1.670294 -1.410656
v 1.258562 1.676028 -1.416867
v 1.255782 1.682213 -1.423243
v 1.254164 1.688744 -1.429679
v 1.253741 1.695508 -1.436061
v 1.254521 1.702390 -1.442282
v 1.256488 1.709272 -1.448235
v 1.259610 1.716036 -1.453818
v 1.263834 1.722566 -1.458935
v 1.269083 1.728752 -1.463500
v 1.275273 1.734486 -1.467434
v 1.282297 1.739671 -1.470669
v 1.290030 1.744219 -1.473151
v 1.298348 1.748050 -1.474836
v 1.307099 1.751100 -1.475697
v 1.316140 1.753317 -1.475718
v 1.325318 1.754662 -1.474898
v 1.328478 1.778219 -1.446698
v 1.337455 1.777743 -1.444285
v 1.346116 1.776320 -1.441173
v 1.354305 1.773976 -1.437418
v 1.361884 1.770752 -1.433084
v 1.368730 1.766701 -1.428242
v 1.374715 1.761894 -1.422979
v 1.379746 1.756413 -1.417382
v 1.383733 1.750350 -1.411548
v 1.386606 1.743812 -1.405578
v 1.388319 1.736908 -1.399572
v 1.388842 1.729757 -1.393633
v 1.388164 1.722482 -1.387864
v 1.386299 1.715206 -1.382364
v 1.383277 1.708056 -1.377225
v 1.379151 1.701152 -1.372537
v 1.373993 1.694613 -1.368378
v 1.367888 1.688551 -1.364821
v 1.360941 1.683069 -1.361927
v 1.353275 1.678262 -1.359743
v 1.345015 1.674212 -1.358310
v 1.336308 1.670987 -1.357650
v 1.327300 1.668643 -1.357774
v 1.318142 1.667221 -1.358682
v 1.308999 1.666744 -1.360358
v 1.300021 1.667221 -1.362771
v 1.291360 1.668643 -1.365883
v 1.283171 1.670987 -1.369638
v 1.275592 1.674212 -1.373972
v 1.268747 1.678262 -1.378814
v 1.262761 1.683069 -1.384077
v 1.257730 1.688551 -1.389674
v 1.253743 1.694613 -1.395508
v 1.250871 1.701152 -1.401478
v 1.249157 1.708056 -1.407485
v 1.248634 1.715206 -1.413423
v 1.249312 1.722482 -1.419191
v 1.251176 1.729757 -1.424692
v 1.254199 1.736908 -1.429831
v 1.258326 1.743812 -1.434519
v 1.263483 1.750350 -1.438678
v 1.269588 1.756413 -1.442235
v 1.276535 1.761894 -1.445129
v 1.284201 1.766701 -1.447313
v 1.292461 1.770752 -1.448746
v 1.301168 1.773976 -1.449406
v 1.310176 1.776320 -1.449282
v 1.319334 1.777743 -1.448374
v 1.322167 1.799495 -1.418727
v 1.331151 1.798994 -1.416344
v 1.339833 1.797501 -1.413326
v 1.348057 1.795041 -1.409724
v 1.355684 1.791656 -1.405601
v 1.362589 1.787404 -1.401024
v 1.368645 1.782357 -1.396076
v 1.373757 1.776603 -1.390838
v 1.377833 1.770239 -1.385401
v 1.380803 1.763374 -1.379858
v 1.382618 1.756127 -1.374304
v 1.383247 1.748620 -1.368834
v 1.382677 1.740983 -1.363541
v 1.380919 1.733345 -1.358517
v 1.378003 1.725838 -1.353846
v 1.373979 1.718591 -1.349610
v 1.368917 1.711726 -1.345879
v 1.362901 1.705362 -1.342719
v 1.356035 1.699608 -1.340183
v 1.348441 1.694561 -1.338315
v 1.340240 1.690309 -1.337147
v 1.331581 1.686924 -1.336697
v 1.322608 1.684464 -1.336975
v 1.313471 1.682970 -1.337977
v 1.304334 1.682470 -1.339683
v 1.295349 1.682970 -1.342065
v 1.286667 1.684464 -1.345084
v 1.278444 1.686924 -1.348686
v 1.270817 1.690309 -1.352809
v 1.263912 1.694561 -1.357386
v 1.257855 1.699608 -1.362334
v 1.252743 1.705362 -1.367572
v 1.248667 1.711726 -1.373009
v 1.245698 1.718591 -1.378551
v 1.243882 1.725838 -1.384106
v 1.243254 1.733345 -1.389576
v 1.243824 1.740983 -1.394868
v 1.245581 1.748620 -1.399893
v 1.248498 1.756127 -1.404564
v 1.252523 1.763374 -1.408800
v 1.257584 1.770239 -1.412531
v 1.263599 1.776603 -1.415691
v 1.270465 1.782357 -1.418226
v 1.278060 1.787404 -1.420095
v 1.286261 1.791656 -1.421263
v 1.294920 1.795041 -1.421712
v 1.303893 1.797501 -1.421435
v 1.313030 1.798994 -1.420433
v 1.315564 1.818850 -1.389458
v 1.324555 1.818328 -1.387108
v 1.333259 1.816770 -1.384187
v 1.341519 1.814204 -1.380746
v 1.349196 1.810673 -1.376843
v 1.356164 1.806237 -1.372544
v 1.362294 1.800972 -1.367925
v 1.367491 1.794970 -1.363063
v 1.371661 1.788331 -1.358041
v 1.374731 1.781171 -1.352946
v 1.376654 1.773610 -1.347865
v 1.377392 1.765780 -1.342885
v 1.376935 1.757813 -1.338090
v 1.375289 1.749846 -1.333564
v 1.372484 1.742015 -1.329383
v 1.368566 1.734455 -1.325620
v 1.363605 1.727294 -1.322336
v 1.357684 1.720655 -1.319592
v 1.350902 1.714653 -1.317431
v 1.343382 1.709388 -1.315892
v 1.335243 1.704953 -1.315001
v 1.326634 1.701422 -1.314773
v 1.317698 1.698855 -1.315212
v 1.308583 1.697298 -1.316311
v 1.299453 1.696776 -1.318049
v 1.290461 1.697298 -1.320399
v 1.281757 1.698855 -1.323320
v 1.273498 1.701422 -1.326761
v 1.265821 1.704953 -1.330664
v 1.258853 1.709388 -1.334963
v 1.252722 1.714653 -1.339582
v 1.247526 1.720655 -1.344445
v 1.243356 1.727294 -1.349466
v 1.240286 1.734455 -1.354561
v 1.238363 1.742015 -1.359643
v 1.237624 1.749846 -1.364623
v 1.238082 1.757813 -1.369417
v 1.239727 1.765780 -1.373944
v 1.242533 1.773610 -1.378124
v 1.246451 1.781171 -1.381888
v 1.251411 1.788331 -1.385170
v 1.257333 1.794970 -1.387916
v 1.264114 1.800972 -1.390076
v 1.271635 1.806237 -1.391615
v 1.279773 1.810673 -1.392506
v 1.288382 1.814204 -1.392734
v 1.297319 1.816770 -1.392296
v 1.306434 1.818328 -1.391196
v 1.308696 1.836201 -1.359017
v 1.317695 1.835659 -1.356701
v 1.326422 1.834044 -1.353881
v 1.334719 1.831383 -1.350606
v 1.342448 1.827720 -1.346934
v 1.349481 1.823120 -1.342924
v 1.355689 1.817661 -1.338647
v 1.360973 1.811435 -1.334175
v 1.365241 1.804551 -1.329585
v 1.368416 1.797125 -1.324957
v 1.370450 1.789284 -1.320366
v 1.371303 1.781163 -1.315895
v 1.370962 1.772901 -1.311619
v 1.369434 1.764638 -1.307612
v 1.366744 1.756517 -1.303940
v 1.362936 1.748677 -1.300668
v 1.358081 1.741250 -1.297852
v 1.352257 1.734366 -1.295539
v 1.345563 1.728141 -1.293769
v 1.338120 1.722681 -1.292571
v 1.330047 1.718081 -1.291969
v 1.321490 1.714419 -1.291971
v 1.312591 1.711757 -1.292576
v 1.303499 1.710142 -1.293776
v 1.294377 1.709600 -1.295549
v 1.285377 1.710142 -1.297865
v 1.276650 1.711757 -1.300685
v 1.268353 1.714419 -1.303959
v 1.260624 1.718081 -1.307631
v 1.253592 1.722681 -1.311642
v 1.247384 1.728141 -1.315919
v 1.242099 1.734366 -1.320392
v 1.237832 1.741250 -1.324981
v 1.234657 1.748677 -1.329610
v 1.232623 1.756517 -1.334199
v 1.231769 1.764639 -1.338671
v 1.232110 1.772901 -1.342946
v 1.233638 1.781163 -1.346954
v 1.236329 1.789284 -1.350626
v 1.240137 1.797125 -1.353898
v 1.244991 1.804551 -1.356714
v 1.250815 1.811435 -1.359028
v 1.257509 1.817661 -1.360797
v 1.264952 1.823120 -1.361995
v 1.273025 1.827720 -1.362596
v 1.281582 1.831383 -1.362595
v 1.290482 1.834044 -1.361990
v 1.299573 1.835659 -1.360789
v 1.301593 1.851474 -1.327533
v 1.310600 1.850915 -1.325253
v 1.319350 1.849249 -1.322538
v 1.327687 1.846503 -1.319437
v 1.335469 1.842726 -1.316001
v 1.342569 1.837981 -1.312289
v 1.348857 1.832350 -1.308367
v 1.354233 1.825929 -1.304298
v 1.358601 1.818828 -1.300155
v 1.361885 1.811167 -1.296008
v 1.364033 1.803080 -1.291927
v 1.365005 1.794704 -1.287983
v 1.364786 1.786181 -1.284243
v 1.363379 1.777659 -1.280771
v 1.360807 1.769283 -1.277627
v 1.357115 1.761195 -1.274863
v 1.352368 1.753535 -1.272528
v 1.346644 1.746434 -1.270662
v 1.340042 1.740013 -1.269296
v 1.332679 1.734381 -1.268453
v 1.324673 1.729636 -1.268149
v 1.316169 1.725859 -1.268388
v 1.307309 1.723114 -1.269166
v 1.298241 1.721447 -1.270471
v 1.289127 1.720889 -1.272280
v 1.280119 1.721447 -1.274560
v 1.271369 1.723114 -1.277275
v 1.263032 1.725859 -1.280376
v 1.255250 1.729636 -1.283812
v 1.248150 1.734381 -1.287524
v 1.241862 1.740013 -1.291447
v 1.236486 1.746434 -1.295515
v 1.232118 1.753535 -1.299658
v 1.228835 1.761195 -1.303805
v 1.226686 1.769283 -1.307886
v 1.225713 1.777659 -1.311830
v 1.225934 1.786181 -1.315570
v 1.227341 1.794704 -1.319042
v 1.229913 1.803080 -1.322186
v 1.233605 1.811167 -1.324950
v 1.238351 1.818828 -1.327285
v 1.244075 1.825929 -1.329151
v 1.250677 1.832350 -1.330517
v 1.258040 1.837981 -1.331360
v 1.266046 1.842726 -1.331663
v 1.274550 1.846503 -1.331425
v 1.283410 1.849249 -1.330646
v 1.292479 1.850915 -1.329341
v 1.294286 1.864603 -1.295143
v 1.303301 1.864030 -1.292899
v 1.312075 1.862320 -1.290292
v 1.320452 1.859503 -1.287368
v 1.328289 1.855626 -1.284177
v 1.335459 1.850757 -1.280772
v 1.341829 1.844978 -1.277214
v 1.347298 1.838388 -1.273561
v 1.351770 1.831101 -1.269877
v 1.355166 1.823240 -1.266226
v 1.357432 1.814940 -1.262668
v 1.358527 1.806344 -1.259267
v 1.358431 1.797598 -1.256078
v 1.357149 1.788852 -1.253157
v 1.354699 1.780256 -1.250555
v 1.351125 1.771956 -1.248315
v 1.346490 1.764096 -1.246475
v 1.340870 1.756808 -1.245068
v 1.334362 1.750219 -1.244118
v 1.327081 1.744440 -1.243639
v 1.319144 1.739570 -1.243643
v 1.310696 1.735694 -1.244126
v 1.301876 1.732876 -1.245082
v 1.292831 1.731167 -1.246495
v 1.283726 1.730593 -1.248338
v 1.274710 1.731167 -1.250583
v 1.265935 1.732876 -1.253191
v 1.257559 1.735694 -1.256115
v 1.249722 1.739570 -1.259305
v 1.242552 1.744440 -1.262710
v 1.236182 1.750219 -1.266269
v 1.230712 1.756808 -1.269921
v 1.226241 1.764096 -1.273605
v 1.222845 1.771956 -1.277256
v 1.220579 1.780256 -1.280814
v 1.219484 1.788852 -1.284216
v 1.219579 1.797598 -1.287404
v 1.220861 1.806344 -1.290326
v 1.223311 1.814940 -1.292928
v 1.226886 1.823240 -1.295168
v 1.231520 1.831101 -1.297007
v 1.237140 1.838388 -1.298414
v 1.243649 1.844978 -1.299364
v 1.250930 1.850757 -1.299843
v 1.258866 1.855626 -1.299839
v 1.267315 1.859503 -1.299356
v 1.276135 1.862320 -1.298401
v 1.285179 1.864030 -1.296988
v 1.286805 1.875533 -1.261986
v 1.295828 1.874947 -1.259778
v 1.304627 1.873201 -1.257281
v 1.313045 1.870324 -1.254539
v 1.320939 1.866365 -1.251599
v 1.328179 1.861392 -1.248508
v 1.334633 1.855490 -1.245322
v 1.340199 1.848760 -1.242096
v 1.344777 1.841317 -1.238882
v 1.348288 1.833289 -1.235738
v 1.350675 1.824813 -1.232716
v 1.351895 1.816034 -1.229869
v 1.351926 1.807102 -1.227245
v 1.350771 1.798170 -1.224888
v 1.348446 1.789391 -1.222841
v 1.344993 1.780915 -1.221137
v 1.340473 1.772887 -1.219804
v 1.334959 1.765445 -1.218868
v 1.328547 1.758714 -1.218343
v 1.321350 1.752812 -1.218237
v 1.313484 1.747839 -1.218555
v 1.305092 1.743881 -1.219289
v 1.296313 1.741003 -1.220426
v 1.287294 1.739257 -1.221950
v 1.278196 1.738672 -1.223831
v 1.269172 1.739257 -1.226038
v 1.260373 1.741003 -1.228535
v 1.251956 1.743881 -1.231277
v 1.244061 1.747839 -1.234218
v 1.236821 1.752812 -1.237308
v 1.230367 1.758714 -1.240493
v 1.224801 1.765445 -1.243721
v 1.220223 1.772887 -1.246934
v 1.216713 1.780915 -1.250078
v 1.214326 1.789391 -1.253100
v 1.213105 1.798170 -1.255947
v 1.213074 1.807102 -1.258572
v 1.214229 1.816034 -1.260928
v 1.216554 1.824813 -1.262975
v 1.220007 1.833289 -1.264679
v 1.224527 1.841317 -1.266011
v 1.230042 1.848760 -1.266949
v 1.236454 1.855490 -1.267473
v 1.243650 1.861392 -1.267579
v 1.251516 1.866365 -1.267261
v 1.259908 1.870324 -1.266528
v 1.268687 1.873201 -1.265390
v 1.277707 1.874947 -1.263867
v 1.279182 1.884216 -1.228201
v 1.288215 1.883621 -1.226031
v 1.297040 1.881846 -1.223647
v 1.305499 1.878921 -1.221090
v 1.313450 1.874896 -1.218404
v 1.320763 1.869841 -1.215634
v 1.327302 1.863841 -1.212829
v 1.332966 1.857000 -1.210034
v 1.337652 1.849434 -1.207301
v 1.341279 1.841273 -1.204673
v 1.343789 1.832657 -1.202198
v 1.345137 1.823733 -1.199915
v 1.345298 1.814653 -1.197867
v 1.344273 1.805573 -1.196085
v 1.342076 1.796648 -1.194603
v 1.338746 1.788032 -1.193445
v 1.334342 1.779871 -1.192630
v 1.328936 1.772305 -1.192173
v 1.322622 1.765464 -1.192081
v 1.315511 1.759465 -1.192355
v 1.307717 1.754409 -1.192994
v 1.299383 1.750385 -1.193982
v 1.290645 1.747460 -1.195305
v 1.281651 1.745685 -1.196941
v 1.272563 1.745090 -1.198860
v 1.263530 1.745685 -1.201029
v 1.254705 1.747460 -1.203413
v 1.246246 1.750385 -1.205970
v 1.238294 1.754409 -1.208656
v 1.230982 1.759465 -1.211426
v 1.224442 1.765464 -1.214232
v 1.218778 1.772305 -1.217026
v 1.214092 1.779871 -1.219760
v 1.210466 1.788032 -1.222387
v 1.207955 1.796648 -1.224862
v 1.206607 1.805573 -1.227144
v 1.206446 1.814653 -1.229193
v 1.207471 1.823733 -1.230974
v 1.209669 1.832657 -1.232457
v 1.212999 1.841273 -1.233615
v 1.217402 1.849434 -1.234431
v 1.222808 1.857000 -1.234887
v 1.229123 1.863841 -1.234979
v 1.236234 1.869841 -1.234704
v 1.244027 1.874896 -1.234066
v 1.252362 1.878921 -1.233078
v 1.261099 1.881846 -1.231755
v 1.270093 1.883621 -1.230119
v 1.271451 1.890615 -1.193934
v 1.280492 1.890013 -1.191803
v 1.289343 1.888216 -1.189533
v 1.297844 1.885256 -1.187164
v 1.305854 1.881183 -1.184737
v 1.313240 1.876067 -1.182291
v 1.319867 1.869996 -1.179872
v 1.325630 1.863073 -1.177517
v 1.330425 1.855416 -1.175269
v 1.334171 1.847157 -1.173166
v 1.336806 1.838438 -1.171244
v 1.338283 1.829406 -1.169536
v 1.338576 1.820217 -1.168070
v 1.337682 1.811028 -1.166872
v 1.335614 1.801997 -1.165963
v 1.332409 1.793277 -1.165359
v 1.328124 1.785018 -1.165068
v 1.322827 1.777362 -1.165097
v 1.316612 1.770438 -1.165445
v 1.309588 1.764367 -1.166105
v 1.301868 1.759251 -1.167068
v 1.293591 1.755178 -1.168314
v 1.284896 1.752218 -1.169825
v 1.275928 1.750422 -1.171576
v 1.266849 1.749819 -1.173532
v 1.257807 1.750422 -1.175664
v 1.248956 1.752218 -1.177934
v 1.240455 1.755178 -1.180303
v 1.232445 1.759251 -1.182730
v 1.225060 1.764367 -1.185176
v 1.218432 1.770438 -1.187595
v 1.212669 1.777362 -1.189950
v 1.207874 1.785018 -1.192198
v 1.204129 1.793277 -1.194300
v 1.201494 1.801997 -1.196223
v 1.200016 1.811028 -1.197932
v 1.199724 1.820217 -1.199397
v 1.200618 1.829406 -1.200595
v 1.202685 1.838438 -1.201504
v 1.205891 1.847157 -1.202108
v 1.210176 1.855416 -1.202399
v 1.215472 1.863073 -1.202370
v 1.221687 1.869996 -1.202022
v 1.228711 1.876067 -1.201362
v 1.236432 1.881183 -1.200399
v 1.244708 1.885256 -1.199152
v 1.253403 1.888216 -1.197641
v 1.262371 1.890013 -1.195892
v 1.263645 1.894703 -1.159333
v 1.272695 1.894096 -1.157241
v 1.281571 1.892286 -1.155085
v 1.290115 1.889304 -1.152907
v 1.298184 1.885200 -1.150740
v 1.305644 1.880046 -1.148623
v 1.312359 1.873928 -1.146592
v 1.318222 1.866952 -1.144682
v 1.323128 1.859238 -1.142925
v 1.326993 1.850916 -1.141351
v 1.329754 1.842130 -1.139988
v 1.331361 1.833030 -1.138858
v 1.331788 1.823772 -1.137982
v 1.331027 1.814514 -1.137373
v 1.329090 1.805414 -1.137044
v 1.326011 1.796628 -1.136998
v 1.321845 1.788306 -1.137237
v 1.316659 1.780592 -1.137756
v 1.310544 1.773616 -1.138548
v 1.303608 1.767499 -1.139598
v 1.295961 1.762344 -1.140888
v 1.287744 1.758240 -1.142396
v 1.279092 1.755258 -1.144097
v 1.270150 1.753448 -1.145962
v 1.261078 1.752841 -1.147958
v 1.252028 1.753448 -1.150051
v 1.243152 1.755258 -1.152206
v 1.234607 1.758240 -1.154385
v 1.226539 1.762344 -1.156551
v 1.219079 1.767499 -1.158669
v 1.212364 1.773616 -1.160699
v 1.206501 1.780592 -1.162609
v 1.201595 1.788306 -1.164367
v 1.197731 1.796628 -1.165940
v 1.194969 1.805414 -1.167303
v 1.193361 1.814514 -1.168433
v 1.192935 1.823772 -1.169309
v 1.193696 1.833031 -1.169917
v 1.195633 1.842130 -1.170247
v 1.198713 1.850916 -1.170293
v 1.202878 1.859238 -1.170055
v 1.208064 1.866952 -1.169535
v 1.214179 1.873928 -1.168743
v 1.221115 1.880046 -1.167694
v 1.228761 1.885200 -1.166403
v 1.236979 1.889304 -1.164895
v 1.245631 1.892286 -1.163194
v 1.254573 1.894096 -1.161329
v 1.255796 1.896463 -1.124546
v 1.264855 1.895854 -1.122492
v 1.273757 1.894038 -1.120452
v 1.282345 1.891046 -1.118464
v 1.290473 1.886929 -1.116560
v 1.298007 1.881758 -1.114772
v 1.304810 1.875620 -1.113133
v 1.310773 1.868622 -1.111669
v 1.315791 1.860882 -1.110405
v 1.319776 1.852534 -1.109365
v 1.322664 1.843720 -1.108563
v 1.324403 1.834591 -1.108016
v 1.324963 1.825302 -1.107732
v 1.324336 1.816014 -1.107715
v 1.322530 1.806884 -1.107968
v 1.319578 1.798070 -1.108484
v 1.315532 1.789722 -1.109255
v 1.310458 1.781982 -1.110268
v 1.304443 1.774984 -1.111506
v 1.297595 1.768847 -1.112947
v 1.290023 1.763675 -1.114568
v 1.281865 1.759558 -1.116338
v 1.273256 1.756566 -1.118229
v 1.264340 1.754750 -1.120210
v 1.255278 1.754142 -1.122245
v 1.246218 1.754750 -1.124299
v 1.237316 1.756566 -1.126338
v 1.228728 1.759558 -1.128326
v 1.220601 1.763675 -1.130230
v 1.213067 1.768847 -1.132018
v 1.206263 1.774984 -1.133657
v 1.200300 1.781982 -1.135121
v 1.195282 1.789722 -1.136385
v 1.191298 1.798070 -1.137425
v 1.188409 1.806884 -1.138227
v 1.186670 1.816014 -1.138774
v 1.186110 1.825302 -1.139059
v 1.186738 1.834591 -1.139075
v 1.188543 1.843720 -1.138823
v 1.191496 1.852534 -1.138306
v 1.195541 1.860882 -1.137535
v 1.200615 1.868622 -1.136522
v 1.206630 1.875620 -1.135284
v 1.213478 1.881758 -1.133843
v 1.221050 1.886929 -1.132223
v 1.229208 1.891046 -1.130452
v 1.237817 1.894038 -1.128561
v 1.246733 1.895854 -1.126580
v 1.247940 1.895886 -1.089720
v 1.257007 1.895278 -1.087705
v 1.265935 1.893464 -1.085781
v 1.274566 1.890475 -1.083984
v 1.282753 1.886362 -1.082343
v 1.290361 1.881196 -1.080885
v 1.297253 1.875066 -1.079638
v 1.303318 1.868074 -1.078620
v 1.308446 1.860343 -1.077851
v 1.312552 1.852004 -1.077343
v 1.315567 1.843199 -1.077105
v 1.317437 1.834079 -1.077140
v 1.318130 1.824800 -1.077449
v 1.317636 1.815522 -1.078025
v 1.315963 1.806402 -1.078860
v 1.313138 1.797597 -1.079939
v 1.309212 1.789258 -1.081243
v 1.304249 1.781527 -1.082750
v 1.298335 1.774536 -1.084435
v 1.291576 1.768405 -1.086268
v 1.284078 1.763239 -1.088218
v 1.275980 1.759126 -1.090252
v 1.267414 1.756137 -1.092334
v 1.258524 1.754323 -1.094431
v 1.249470 1.753715 -1.096504
v 1.240402 1.754323 -1.098519
v 1.231473 1.756137 -1.100443
v 1.222843 1.759126 -1.102240
v 1.214655 1.763239 -1.103881
v 1.207047 1.768405 -1.105339
v 1.200155 1.774536 -1.106585
v 1.194091 1.781527 -1.107604
v 1.188962 1.789258 -1.108373
v 1.184857 1.797597 -1.108881
v 1.181842 1.806402 -1.109120
v 1.179972 1.815522 -1.109084
v 1.179278 1.824800 -1.108775
v 1.179771 1.834079 -1.108199
v 1.181446 1.843199 -1.107364
v 1.184272 1.852004 -1.106285
v 1.188197 1.860343 -1.104981
v 1.193160 1.868074 -1.103473
v 1.199073 1.875066 -1.101789
v 1.205833 1.881196 -1.099956
v 1.213330 1.886362 -1.098006
v 1.221429 1.890475 -1.095972
v 1.229995 1.893464 -1.093890
v 1.238885 1.895278 -1.091793
v 1.240108 1.892976 -1.055006
v 1.249183 1.892371 -1.053029
v 1.258138 1.890567 -1.051221
v 1.266811 1.887594 -1.049614
v 1.275058 1.883503 -1.048236
v 1.282741 1.878364 -1.047107
v 1.289720 1.872267 -1.046250
v 1.295885 1.865313 -1.045678
v 1.301126 1.857623 -1.045401
v 1.305350 1.849328 -1.045424
v 1.308492 1.840570 -1.045746
v 1.310493 1.831499 -1.046363
v 1.311320 1.822270 -1.047262
v 1.310959 1.813041 -1.048430
v 1.309417 1.803970 -1.049846
v 1.306718 1.795212 -1.051486
v 1.302912 1.786917 -1.053321
v 1.298061 1.779227 -1.055321
v 1.292247 1.772273 -1.057451
v 1.285576 1.766175 -1.059674
v 1.278152 1.761037 -1.061953
v 1.270113 1.756946 -1.064249
v 1.261590 1.753973 -1.066521
v 1.252726 1.752169 -1.068734
v 1.243681 1.751564 -1.070846
v 1.234604 1.752169 -1.072822
v 1.225650 1.753973 -1.074630
v 1.216976 1.756946 -1.076237
v 1.208730 1.761037 -1.077616
v 1.201047 1.766175 -1.078744
v 1.194067 1.772273 -1.079601
v 1.187903 1.779227 -1.080174
v 1.182662 1.786917 -1.080451
v 1.178438 1.795212 -1.080427
v 1.175296 1.803970 -1.080105
v 1.173295 1.813041 -1.079489
v 1.172468 1.822270 -1.078589
v 1.172828 1.831499 -1.077422
v 1.174371 1.840570 -1.076006
v 1.177071 1.849328 -1.074365
v 1.180876 1.857623 -1.072531
v 1.185727 1.865313 -1.070531
v 1.191540 1.872267 -1.068401
v 1.198212 1.878364 -1.066178
v 1.205635 1.883503 -1.063898
v 1.213675 1.887594 -1.061603
v 1.222198 1.890567 -1.059330
v 1.231061 1.892371 -1.057118
v 1.401775 0.075386 -1.845340
v 1.387105 0.075234 -1.845719
v 1.372517 0.074985 -1.844183
v 1.358257 0.074641 -1.840757
v 1.344560 0.074210 -1.835502
v 1.331676 0.073698 -1.828505
v 1.319813 0.073114 -1.819889
v 1.309178 0.072468 -1.809799
v 1.299959 0.071771 -1.798407
v 1.292303 0.071036 -1.785911
v 1.286345 0.070274 -1.772523
v 1.282193 0.069499 -1.758472
v 1.279910 0.068724 -1.743999
v 1.279541 0.067962 -1.729350
v 1.281090 0.067227 -1.714777
v 1.284526 0.066530 -1.700531
v 1.289798 0.065885 -1.686852
v 1.296813 0.065301 -1.673977
v 1.305444 0.064789 -1.662125
v 1.315558 0.064357 -1.651499
v 1.326965 0.064013 -1.642282
v 1.339480 0.063764 -1.634630
v 1.352893 0.063612 -1.628673
v 1.366964 0.063562 -1.624517
v 1.381455 0.063612 -1.622229
v 1.396126 0.063764 -1.621850
v 1.410714 0.064013 -1.623387
v 1.424975 0.064357 -1.626813
v 1.438671 0.064789 -1.632068
v 1.451555 0.065301 -1.639065
v 1.463418 0.065885 -1.647681
v 1.474052 0.066530 -1.657771
v 1.483273 0.067227 -1.669162
v 1.490929 0.067962 -1.681658
v 1.496885 0.068724 -1.695046
v 1.501038 0.069499 -1.709098
v 1.503321 0.070274 -1.723571
v 1.503690 0.071036 -1.738220
v 1.502141 0.071771 -1.752792
v 1.498705 0.072468 -1.767039
v 1.493433 0.073114 -1.780718
v 1.486418 0.073698 -1.793593
v 1.477787 0.074210 -1.805444
v 1.467674 0.074641 -1.816071
v 1.456265 0.074985 -1.825288
v 1.443751 0.075234 -1.832939
v 1.430338 0.075386 -1.838896
v 1.416268 0.075437 -1.843053
v 1.430208 -0.147304 -1.872905
v 1.446831 -0.147364 -1.867995
v 1.462677 -0.147543 -1.860957
v 1.477464 -0.147838 -1.851917
v 1.490942 -0.148244 -1.841027
v 1.502890 -0.148754 -1.828473
v 1.513088 -0.149358 -1.814471
v 1.521375 -0.150048 -1.799260
v 1.527604 -0.150811 -1.783099
v 1.531662 -0.151634 -1.766268
v 1.533493 -0.152503 -1.749051
v 1.533057 -0.153403 -1.731744
v 1.530360 -0.154319 -1.714644
v 1.525454 -0.155235 -1.698044
v 1.518416 -0.156134 -1.682226
v 1.509371 -0.157003 -1.667463
v 1.498478 -0.157826 -1.654005
v 1.485914 -0.158589 -1.642084
v 1.471899 -0.159279 -1.631905
v 1.456676 -0.159884 -1.623638
v 1.440495 -0.160394 -1.617430
v 1.423647 -0.160800 -1.613381
v 1.406412 -0.161095 -1.611566
v 1.389079 -0.161274 -1.612014
v 1.371958 -0.161334 -1.614717
v 1.355335 -0.161274 -1.619627
v 1.339489 -0.161095 -1.626665
v 1.324702 -0.160800 -1.635705
v 1.311225 -0.160394 -1.646595
v 1.299277 -0.159884 -1.659149
v 1.289079 -0.159279 -1.673151
v 1.280792 -0.158589 -1.688362
v 1.274563 -0.157826 -1.704523
v 1.270504 -0.157003 -1.721354
v 1.268673 -0.156134 -1.738571
v 1.269109 -0.155235 -1.755878
v 1.271806 -0.154319 -1.772977
v 1.276712 -0.153403 -1.789579
v 1.283750 -0.152503 -1.805396
v 1.292795 -0.151634 -1.820160
v 1.303688 -0.150811 -1.833617
v 1.316252 -0.150048 -1.845538
v 1.330268 -0.149358 -1.855717
v 1.345490 -0.148754 -1.863984
v 1.361671 -0.148244 -1.870192
v 1.378519 -0.147838 -1.874240
v 1.395754 -0.147543 -1.876056
v 1.413087 -0.147364 -1.875608
v 1.403697 0.075386 -1.844907
v 1.389026 0.075234 -1.845286
v 1.374438 0.074985 -1.843749
v 1.360178 0.074641 -1.840323
v 1.346481 0.074210 -1.835068
v 1.333597 0.073698 -1.828071
v 1.321733 0.073114 -1.819455
v 1.311099 0.072468 -1.809365
v 1.301879 0.071771 -1.797974
v 1.294223 0.071036 -1.785478
v 1.288267 0.070274 -1.772090
v 1.284114 0.069499 -1.758039
v 1.281831 0.068724 -1.743565
v 1.281462 0.067962 -1.728916
v 1.283012 0.067227 -1.714344
v 1.286448 0.066530 -1.700097
v 1.291718 0.065885 -1.686419
v 1.298734 0.065301 -1.673543
v 1.307365 0.064789 -1.661692
v 1.317478 0.064357 -1.651066
v 1.328886 0.064013 -1.641848
v 1.341401 0.063764 -1.634196
v 1.354814 0.063612 -1.628240
v 1.368885 0.063562 -1.624084
v 1.383377 0.063612 -1.621796
v 1.398046 0.063764 -1.621416
v 1.412635 0.064013 -1.622954
v 1.426896 0.064357 -1.626380
v 1.440591 0.064789 -1.631634
v 1.453475 0.065301 -1.638632
v 1.465339 0.065885 -1.647248
v 1.475973 0.066530 -1.657338
v 1.485194 0.067227 -1.668729
v 1.492850 0.067962 -1.681225
v 1.498806 0.068724 -1.694613
v 1.502959 0.069499 -1.708664
v 1.505241 0.070274 -1.723138
v 1.505611 0.071036 -1.737786
v 1.504061 0.071771 -1.752359
v 1.500626 0.072468 -1.766606
v 1.495354 0.073114 -1.780284
v 1.488339 0.073698 -1.793160
v 1.479707 0.074210 -1.805011
v 1.469594 0.074641 -1.815638
v 1.458187 0.074985 -1.824854
v 1.445671 0.075234 -1.832506
v 1.432259 0.075386 -1.838463
v 1.418189 0.075437 -1.842619
v 1.421199 -0.011657 -1.867566
v 1.437822 -0.011717 -1.862656
v 1.453669 -0.011896 -1.855618
v 1.468455 -0.012191 -1.846579
v 1.481932 -0.012596 -1.835689
v 1.493880 -0.013106 -1.823135
v 1.504078 -0.013711 -1.809132
v 1.512365 -0.014401 -1.793921
v 1.518594 -0.015164 -1.777761
v 1.522653 -0.015987 -1.760929
v 1.524484 -0.016856 -1.743712
v 1.524048 -0.017756 -1.726406
v 1.521350 -0.018672 -1.709306
v 1.516445 -0.019587 -1.692705
v 1.509407 -0.020487 -1.676888
v 1.500361 -0.021356 -1.662125
v 1.489469 -0.022179 -1.648666
v 1.476905 -0.022942 -1.636746
v 1.462889 -0.023632 -1.626566
v 1.447667 -0.024237 -1.618299
v 1.431486 -0.024747 -1.612091
v 1.414638 -0.025153 -1.608043
v 1.397403 -0.025448 -1.606228
v 1.380069 -0.025626 -1.606676
v 1.362949 -0.025687 -1.609379
v 1.346325 -0.025626 -1.614289
v 1.330479 -0.025448 -1.621327
v 1.315693 -0.025153 -1.630367
v 1.302216 -0.024747 -1.641256
v 1.290267 -0.024237 -1.653811
v 1.280069 -0.023632 -1.667813
v 1.271781 -0.022942 -1.683024
v 1.265553 -0.022179 -1.699184
v 1.261495 -0.021356 -1.716016
v 1.259664 -0.020487 -1.733233
v 1.260100 -0.019587 -1.750540
v 1.262797 -0.018672 -1.767639
v 1.267703 -0.017756 -1.784240
v 1.274740 -0.016856 -1.800057
v 1.283786 -0.015987 -1.814821
v 1.294679 -0.015164 -1.828279
v 1.307242 -0.014401 -1.840199
v 1.321259 -0.013711 -1.850379
v 1.336481 -0.013106 -1.858646
v 1.352662 -0.012597 -1.864854
v 1.369509 -0.012191 -1.868902
v 1.386744 -0.011896 -1.870717
v 1.404078 -0.011717 -1.870269
v 1.406347 -0.011717 -1.869757
v 1.389014 -0.011896 -1.870205
v 1.371779 -0.012191 -1.868390
v 1.354931 -0.012597 -1.864342
v 1.338750 -0.013106 -1.858134
v 1.323528 -0.013711 -1.849867
v 1.309512 -0.014401 -1.839687
v 1.296948 -0.015164 -1.827767
v 1.286055 -0.015987 -1.814309
v 1.277010 -0.016856 -1.799545
v 1.269972 -0.017756 -1.783728
v 1.265067 -0.018672 -1.767127
v 1.262369 -0.019587 -1.750028
v 1.261933 -0.020487 -1.732721
v 1.263763 -0.021356 -1.715504
v 1.267823 -0.022179 -1.698672
v 1.274051 -0.022942 -1.682512
v 1.282339 -0.023632 -1.667301
v 1.292537 -0.024237 -1.653299
v 1.304485 -0.024747 -1.640744
v 1.317962 -0.025153 -1.629854
v 1.332748 -0.025448 -1.620815
v 1.348594 -0.025626 -1.613777
v 1.365218 -0.025687 -1.608867
v 1.382339 -0.025626 -1.606164
v 1.399672 -0.025448 -1.605716
v 1.416907 -0.025153 -1.607531
v 1.433755 -0.024747 -1.611579
v 1.449936 -0.024237 -1.617787
v 1.465158 -0.023632 -1.626054
v 1.479174 -0.022942 -1.636234
v 1.491738 -0.022179 -1.648154
v 1.502632 -0.021356 -1.661613
v 1.511676 -0.020487 -1.676376
v 1.518713 -0.019587 -1.692193
v 1.523620 -0.018672 -1.708794
v 1.526317 -0.017756 -1.725894
v 1.526753 -0.016856 -1.743200
v 1.524923 -0.015987 -1.760417
v 1.520864 -0.015164 -1.777249
v 1.514635 -0.014401 -1.793409
v 1.506348 -0.013711 -1.808620
v 1.496150 -0.013106 -1.822623
v 1.484201 -0.012596 -1.835177
v 1.470724 -0.012191 -1.846067
v 1.455937 -0.011896 -1.855107
v 1.440092 -0.011717 -1.862144
v 1.423469 -0.011657 -1.867054
v 1.422782 -0.147304 -1.874580
v 1.439404 -0.147364 -1.869670
v 1.455251 -0.147543 -1.862633
v 1.470037 -0.147838 -1.853593
v 1.483515 -0.148244 -1.842703
v 1.495462 -0.148754 -1.830149
v 1.505661 -0.149359 -1.816146
v 1.513948 -0.150048 -1.800935
v 1.520176 -0.150811 -1.784775
v 1.524235 -0.151634 -1.767944
v 1.526066 -0.152503 -1.750726
v 1.525630 -0.153403 -1.733420
v 1.522933 -0.154319 -1.716320
v 1.518027 -0.155235 -1.699719
v 1.510990 -0.156134 -1.683901
v 1.501944 -0.157003 -1.669138
v 1.491051 -0.157826 -1.655680
v 1.478487 -0.158589 -1.643760
v 1.464471 -0.159279 -1.633581
v 1.449249 -0.159884 -1.625314
v 1.433068 -0.160394 -1.619105
v 1.416221 -0.160800 -1.615057
v 1.398985 -0.161095 -1.613241
v 1.381652 -0.161274 -1.613690
v 1.364532 -0.161334 -1.616393
v 1.347908 -0.161274 -1.621303
v 1.332061 -0.161095 -1.628340
v 1.317275 -0.160800 -1.637380
v 1.303798 -0.160394 -1.648270
v 1.291850 -0.159884 -1.660825
v 1.281652 -0.159279 -1.674827
v 1.273364 -0.158589 -1.690038
v 1.267136 -0.157826 -1.706198
v 1.263077 -0.157003 -1.723030
v 1.261246 -0.156134 -1.740246
v 1.261683 -0.155235 -1.757554
v 1.264380 -0.154319 -1.774653
v 1.269286 -0.153403 -1.791254
v 1.276323 -0.152503 -1.807071
v 1.285368 -0.151634 -1.821835
v 1.296261 -0.150811 -1.835293
v 1.308825 -0.150048 -1.847214
v 1.322841 -0.149358 -1.857393
v 1.338063 -0.148754 -1.865660
v 1.354244 -0.148244 -1.871868
v 1.371092 -0.147838 -1.875916
v 1.388327 -0.147543 -1.877732
v 1.405660 -0.147364 -1.877283
v 1.407929 -0.147364 -1.876771
v 1.390597 -0.147543 -1.877219
v 1.373361 -0.147838 -1.875404
v 1.356514 -0.148244 -1.871356
v 1.340333 -0.148754 -1.865148
v 1.325110 -0.149358 -1.856881
v 1.311094 -0.150048 -1.846702
v 1.298531 -0.150811 -1.834781
v 1.287638 -0.151634 -1.821323
v 1.278593 -0.152503 -1.806559
v 1.271554 -0.153403 -1.790742
v 1.266649 -0.154319 -1.774141
v 1.263951 -0.155235 -1.757042
v 1.263516 -0.156134 -1.739734
v 1.265346 -0.157003 -1.722518
v 1.269405 -0.157826 -1.705686
v 1.275633 -0.158589 -1.689526
v 1.283921 -0.159279 -1.674315
v 1.294119 -0.159884 -1.660313
v 1.306067 -0.160394 -1.647758
v 1.319545 -0.160800 -1.636868
v 1.334331 -0.161095 -1.627828
v 1.350177 -0.161274 -1.620791
v 1.366801 -0.161334 -1.615881
v 1.383922 -0.161274 -1.613178
v 1.401254 -0.161095 -1.612730
v 1.418489 -0.160800 -1.614545
v 1.435338 -0.160394 -1.618593
v 1.451519 -0.159884 -1.624801
v 1.466741 -0.159279 -1.633069
v 1.480756 -0.158589 -1.643248
v 1.493321 -0.157826 -1.655168
v 1.504214 -0.157003 -1.668626
v 1.513259 -0.156134 -1.683389
v 1.520296 -0.155235 -1.699207
v 1.525203 -0.154319 -1.715808
v 1.527899 -0.153403 -1.732908
v 1.528335 -0.152503 -1.750214
v 1.526505 -0.151634 -1.767432
v 1.522446 -0.150811 -1.784263
v 1.516217 -0.150048 -1.800423
v 1.507930 -0.149358 -1.815634
v 1.497732 -0.148754 -1.829637
v 1.485784 -0.148244 -1.842191
v 1.472306 -0.147838 -1.853081
v 1.457520 -0.147543 -1.862121
v 1.441674 -0.147364 -1.869158
v 1.425051 -0.147304 -1.874068
vn -0.2081 -0.3238 0.9229
vn -0.3298 -0.3229 0.8871
vn -0.3424 -0.1618 0.9255
vn -0.2171 -0.1632 0.9624
vn -0.4458 -0.3198 0.8360
vn -0.4618 -0.1576 0.8728
vn -0.5544 -0.3146 0.7705
vn -0.5734 -0.1508 0.8052
vn -0.6536 -0.3074 0.6916
vn -0.6751 -0.1413 0.7240
vn -0.7418 -0.2982 0.6006
vn -0.7654 -0.1295 0.6303
vn -0.8177 -0.2871 0.4989
vn -0.8426 -0.1155 0.5259
vn -0.8797 -0.2745 0.3883
vn -0.9054 -0.0995 0.4126
vn -0.9268 -0.2603 0.2704
vn -0.9529 -0.0817 0.2921
vn -0.9583 -0.2449 0.1474
vn -0.9840 -0.0626 0.1666
vn -0.9733 -0.2284 0.0213
vn -0.9984 -0.0425 0.0384
vn -0.9716 -0.2112 -0.1059
vn -0.9956 -0.0215 -0.0906
vn -0.9533 -0.1935 -0.2319
vn -0.9759 -0.0003 -0.2181
vn -0.9184 -0.1756 -0.3545
vn -0.9395 0.0210 -0.3419
vn -0.8675 -0.1579 -0.4718
vn -0.8869 0.0419 -0.4599
vn -0.8015 -0.1406 -0.5812
vn -0.8193 0.0621 -0.5700
vn -0.7215 -0.1240 -0.6812
vn -0.7375 0.0812 -0.6704
vn -0.6287 -0.1085 -0.7700
vn -0.6430 0.0990 -0.7594
vn -0.5249 -0.0944 -0.8459
vn -0.5376 0.1151 -0.8353
vn -0.4119 -0.0819 -0.9075
vn -0.4228 0.1292 -0.8969
vn -0.2915 -0.0712 -0.9539
vn -0.3008 0.1411 -0.9432
vn -0.1660 -0.0626 -0.9841
vn -0.1737 0.1505 -0.9732
vn -0.0373 -0.0563 -0.9977
vn -0.0433 0.1574 -0.9866
vn 0.0920 -0.0524 -0.9944
vn 0.0876 0.1616 -0.9829
vn 0.2199 -0.0509 -0.9742
vn 0.2171 0.1630 -0.9624
vn 0.3439 -0.0519 -0.9375
vn 0.3428 0.1616 -0.9254
vn 0.4623 -0.0554 -0.8850
vn 0.4627 0.1574 -0.8724
vn 0.5726 -0.0613 -0.8175
vn 0.5747 0.1505 -0.8044
vn 0.6731 -0.0694 -0.7363
vn 0.6766 0.1411 -0.7226
vn 0.7619 -0.0797 -0.6427
vn 0.7670 0.1292 -0.6285
vn 0.8376 -0.0919 -0.5384
vn 0.8442 0.1151 -0.5235
vn 0.8988 -0.1058 -0.4254
vn 0.9068 0.0990 -0.4097
vn 0.9445 -0.1211 -0.3053
vn 0.9539 0.0812 -0.2887
vn 0.9739 -0.1375 -0.1806
vn 0.9846 0.0621 -0.1630
vn 0.9865 -0.1547 -0.0534
vn 0.9985 0.0419 -0.0346
vn 0.9822 -0.1724 0.0744
vn 0.9953 0.0210 0.0946
vn 0.9611 -0.1903 0.2002
vn 0.9750 -0.0003 0.2220
vn 0.9236 -0.2081 0.3220
vn 0.9381 -0.0215 0.3456
vn 0.8704 -0.2255 0.4377
vn 0.8851 -0.0425 0.4634
vn 0.8026 -0.2421 0.5451
vn 0.8171 -0.0626 0.5730
vn 0.7214 -0.2577 0.6427
vn 0.7352 -0.0817 0.6729
vn 0.6281 -0.2722 0.7290
vn 0.6406 -0.0995 0.7614
vn 0.5246 -0.2851 0.8022
vn 0.5352 -0.1155 0.8368
vn 0.4123 -0.2965 0.8614
vn 0.4206 -0.1295 0.8979
vn 0.2934 -0.3060 0.9057
vn 0.2989 -0.1413 0.9438
vn 0.1700 -0.3136 0.9342
vn 0.1721 -0.1508 0.9734
vn 0.0437 -0.3191 0.9467
vn 0.0423 -0.1576 0.9866
vn -0.0830 -0.3226 0.9429
vn -0.0882 -0.1618 0.9828
vn -0.3388 -0.2407 0.9095
vn -0.2135 -0.2428 0.9463
vn -0.4584 -0.2345 0.8572
vn -0.5702 -0.2243 0.7903
vn -0.6721 -0.2103 0.7099
vn -0.7627 -0.1927 0.6174
vn -0.8402 -0.1718 0.5143
vn -0.9033 -0.1480 0.4025
vn -0.9512 -0.1216 0.2836
vn -0.9827 -0.0932 0.1600
vn -0.9974 -0.0631 0.0337
vn -0.9951 -0.0320 -0.0934
vn -0.9757 -0.0003 -0.2188
vn -0.9397 0.0313 -0.3405
vn -0.8875 0.0625 -0.4564
vn -0.8202 0.0926 -0.5645
vn -0.7389 0.1211 -0.6629
vn -0.6447 0.1476 -0.7500
vn -0.5396 0.1715 -0.8242
vn -0.4252 0.1925 -0.8844
vn -0.3034 0.2102 -0.9293
vn -0.1766 0.2242 -0.9584
vn -0.0466 0.2345 -0.9710
vn 0.0842 0.2407 -0.9669
vn 0.2135 0.2428 -0.9463
vn 0.3391 0.2407 -0.9094
vn 0.4590 0.2345 -0.8569
vn 0.5710 0.2242 -0.7897
vn 0.6731 0.2102 -0.7090
vn 0.7638 0.1925 -0.6161
vn 0.8412 0.1715 -0.5127
vn 0.9043 0.1476 -0.4006
vn 0.9519 0.1211 -0.2814
vn 0.9831 0.0926 -0.1576
vn 0.9975 0.0625 -0.0312
vn 0.9949 0.0313 0.0960
vn 0.9752 -0.0003 0.2214
vn 0.9388 -0.0320 0.3429
vn 0.8863 -0.0632 0.4587
vn 0.8188 -0.0932 0.5664
vn 0.7373 -0.1216 0.6645
vn 0.6430 -0.1480 0.7514
vn 0.5380 -0.1718 0.8252
vn 0.4237 -0.1927 0.8850
vn 0.3022 -0.2103 0.9297
vn 0.1756 -0.2243 0.9585
vn 0.0459 -0.2345 0.9710
vn -0.0845 -0.2407 0.9669
vn -0.3349 -0.3031 0.8922
vn -0.2095 -0.3057 0.9288
vn -0.4545 -0.2953 0.8403
vn -0.5665 -0.2825 0.7741
vn -0.6687 -0.2648 0.6948
vn -0.7595 -0.2427 0.6034
vn -0.8374 -0.2163 0.5019
vn -0.9009 -0.1864 0.3918
vn -0.9492 -0.1531 0.2748
vn -0.9812 -0.1173 0.1533
vn -0.9964 -0.0795 0.0291
vn -0.9946 -0.0403 -0.0957
vn -0.9757 -0.0004 -0.2188
vn -0.9402 0.0395 -0.3382
vn -0.8885 0.0787 -0.4519
vn -0.8217 0.1166 -0.5578
vn -0.7408 0.1525 -0.6541
vn -0.6471 0.1859 -0.7394
vn -0.5424 0.2159 -0.8119
vn -0.4283 0.2424 -0.8705
vn -0.3069 0.2646 -0.9142
vn -0.1803 0.2824 -0.9422
vn -0.0504 0.2952 -0.9541
vn 0.0803 0.3031 -0.9496
vn 0.2095 0.3057 -0.9288
vn 0.3352 0.3031 -0.8921
vn 0.4552 0.2952 -0.8400
vn 0.5673 0.2824 -0.7735
vn 0.6697 0.2646 -0.6939
vn 0.7606 0.2423 -0.6022
vn 0.8385 0.2159 -0.5003
vn 0.9019 0.1859 -0.3899
vn 0.9499 0.1525 -0.2727
vn 0.9816 0.1166 -0.1509
vn 0.9965 0.0788 -0.0267
vn 0.9944 0.0395 0.0982
vn 0.9752 -0.0004 0.2213
vn 0.9393 -0.0403 0.3406
vn 0.8873 -0.0795 0.4542
vn 0.8203 -0.1173 0.5597
vn 0.7392 -0.1531 0.6558
vn 0.6454 -0.1864 0.7407
vn 0.5408 -0.2163 0.8128
vn 0.4268 -0.2427 0.8711
vn 0.3056 -0.2648 0.9146
vn 0.1793 -0.2825 0.9424
vn 0.0497 -0.2953 0.9541
vn -0.0806 -0.3031 0.9495
vn -0.3301 -0.3642 0.8708
vn -0.2047 -0.3673 0.9073
vn -0.4499 -0.3548 0.8195
vn -0.5620 -0.3394 0.7542
vn -0.6645 -0.3182 0.6761
vn -0.7557 -0.2916 0.5864
vn -0.8340 -0.2600 0.4866
vn -0.8980 -0.2239 0.3787
vn -0.9468 -0.1840 0.2641
vn -0.9793 -0.1410 0.1450
vn -0.9951 -0.0956 0.0235
vn -0.9939 -0.0484 -0.0985
vn -0.9757 -0.0005 -0.2188
vn -0.9409 0.0474 -0.3354
vn -0.8898 0.0946 -0.4464
vn -0.8236 0.1401 -0.5496
vn -0.7432 0.1833 -0.6434
vn -0.6500 0.2233 -0.7263
vn -0.5458 0.2595 -0.7967
vn -0.4322 0.2912 -0.8535
vn -0.3111 0.3180 -0.8956
vn -0.1848 0.3393 -0.9224
vn -0.0551 0.3547 -0.9333
vn 0.0754 0.3641 -0.9283
vn 0.2047 0.3673 -0.9073
vn 0.3304 0.3641 -0.8707
vn 0.4505 0.3547 -0.8192
vn 0.5629 0.3393 -0.7537
vn 0.6655 0.3180 -0.6753
vn 0.7568 0.2912 -0.5852
vn 0.8350 0.2595 -0.4851
vn 0.8989 0.2233 -0.3768
vn 0.9475 0.1832 -0.2619
vn 0.9798 0.1401 -0.1427
vn 0.9953 0.0946 -0.0211
vn 0.9937 0.0475 0.1010
vn 0.9752 -0.0005 0.2213
vn 0.9399 -0.0484 0.3378
vn 0.8886 -0.0956 0.4486
vn 0.8222 -0.1410 0.5515
vn 0.7417 -0.1840 0.6450
vn 0.6484 -0.2239 0.7276
vn 0.5442 -0.2600 0.7976
vn 0.4307 -0.2916 0.8541
vn 0.3098 -0.3182 0.8959
vn 0.1838 -0.3394 0.9225
vn 0.0544 -0.3548 0.9333
vn -0.0758 -0.3642 0.9282
vn -0.3244 -0.4237 0.8457
vn -0.1990 -0.4274 0.8819
vn -0.4443 -0.4128 0.7950
vn -0.5567 -0.3949 0.7308
vn -0.6595 -0.3703 0.6542
vn -0.7512 -0.3392 0.5663
vn -0.8300 -0.3025 0.4687
vn -0.8945 -0.2605 0.3632
vn -0.9439 -0.2141 0.2514
vn -0.9771 -0.1640 0.1353
vn -0.9937 -0.1112 0.0169
vn -0.9932 -0.0563 -0.1018
vn -0.9757 -0.0006 -0.2188
vn -0.9416 0.0552 -0.3322
vn -0.8913 0.1101 -0.4398
vn -0.8258 0.1630 -0.5399
vn -0.7461 0.2132 -0.6307
vn -0.6535 0.2598 -0.7109
vn -0.5499 0.3019 -0.7787
vn -0.4367 0.3388 -0.8333
vn -0.3160 0.3699 -0.8736
vn -0.1900 0.3947 -0.8989
vn -0.0606 0.4128 -0.9088
vn 0.0698 0.4237 -0.9031
vn 0.1990 0.4274 -0.8819
vn 0.3247 0.4237 -0.8456
vn 0.4450 0.4128 -0.7947
vn 0.5576 0.3947 -0.7302
vn 0.6605 0.3699 -0.6533
vn 0.7522 0.3388 -0.5651
vn 0.8310 0.3019 -0.4672
vn 0.8954 0.2598 -0.3614
vn 0.9447 0.2132 -0.2492
vn 0.9776 0.1630 -0.1330
vn 0.9938 0.1101 -0.0146
vn 0.9930 0.0552 0.1043
vn 0.9407 -0.0563 0.3345
vn 0.8901 -0.1112 0.4420
vn 0.8244 -0.1640 0.5417
vn 0.7446 -0.2141 0.6323
vn 0.6519 -0.2605 0.7121
vn 0.5483 -0.3025 0.7797
vn 0.4352 -0.3392 0.8339
vn 0.3147 -0.3703 0.8740
vn 0.1890 -0.3949 0.8990
vn 0.0599 -0.4128 0.9088
vn -0.0701 -0.4237 0.9031
vn -0.3179 -0.4814 0.8168
vn -0.1924 -0.4855 0.8527
vn -0.4380 -0.4691 0.7669
vn -0.5507 -0.4487 0.7038
vn -0.6538 -0.4207 0.6289
vn -0.7459 -0.3854 0.5431
vn -0.8253 -0.3437 0.4480
vn -0.8905 -0.2960 0.3455
vn -0.9406 -0.2433 0.2368
vn -0.9746 -0.1864 0.1241
vn -0.9919 -0.1263 0.0093
vn -0.9923 -0.0640 -0.1057
vn -0.9757 -0.0006 -0.2189
vn -0.9424 0.0627 -0.3284
vn -0.8930 0.1251 -0.4323
vn -0.8283 0.1852 -0.5288
vn -0.7494 0.2423 -0.6162
vn -0.6575 0.2952 -0.6932
vn -0.5545 0.3430 -0.7581
vn -0.4419 0.3850 -0.8102
vn -0.3217 0.4204 -0.8484
vn -0.1961 0.4485 -0.8720
vn -0.0670 0.4690 -0.8806
vn 0.0633 0.4814 -0.8742
vn 0.1924 0.4855 -0.8527
vn 0.3182 0.4814 -0.8167
vn 0.4386 0.4690 -0.7666
vn 0.5515 0.4485 -0.7033
vn 0.6548 0.4203 -0.6280
vn 0.7470 0.3850 -0.5420
vn 0.8263 0.3430 -0.4466
vn 0.8914 0.2952 -0.3437
vn 0.9414 0.2423 -0.2347
vn 0.9751 0.1852 -0.1219
vn 0.9921 0.1251 -0.0071
vn 0.9922 0.0627 0.1080
vn 0.9752 -0.0006 0.2212
vn 0.9416 -0.0640 0.3306
vn 0.8918 -0.1263 0.4344
vn 0.8269 -0.1864 0.5305
vn 0.7479 -0.2432 0.6177
vn 0.6559 -0.2960 0.6944
vn 0.5529 -0.3437 0.7590
vn 0.4404 -0.3854 0.8108
vn 0.3204 -0.4207 0.8487
vn 0.1951 -0.4487 0.8721
vn 0.0663 -0.4691 0.8806
vn -0.0636 -0.4814 0.8741
vn -0.3105 -0.5371 0.7843
vn -0.1850 -0.5417 0.8199
vn -0.4308 -0.5233 0.7352
vn -0.5438 -0.5006 0.6735
vn -0.6474 -0.4693 0.6005
vn -0.7400 -0.4300 0.5171
vn -0.8200 -0.3834 0.4248
vn -0.8860 -0.3303 0.3254
vn -0.9369 -0.2714 0.2203
vn -0.9717 -0.2079 0.1115
vn -0.9900 -0.1409 0.0008
vn -0.9913 -0.0714 -0.1100
vn -0.9757 -0.0007 -0.2189
vn -0.9434 0.0700 -0.3241
vn -0.8949 0.1395 -0.4239
vn -0.8311 0.2067 -0.5163
vn -0.7531 0.2703 -0.5998
vn -0.6620 0.3294 -0.6732
vn -0.5597 0.3827 -0.7350
vn -0.4478 0.4295 -0.7842
vn -0.3281 0.4689 -0.8200
vn -0.2029 0.5004 -0.8417
vn -0.0741 0.5232 -0.8490
vn 0.0559 0.5371 -0.8417
vn 0.1850 0.5417 -0.8199
vn 0.3109 0.5371 -0.7841
vn 0.4314 0.5232 -0.7349
vn 0.5447 0.5004 -0.6730
vn 0.6484 0.4689 -0.5997
vn 0.7411 0.4295 -0.5159
vn 0.8211 0.3827 -0.4234
vn 0.8869 0.3293 -0.3238
vn 0.9377 0.2702 -0.2183
vn 0.9723 0.2066 -0.1093
vn 0.9902 0.1396 0.0013
vn 0.9912 0.0700 0.1123
vn 0.9752 -0.0007 0.2212
vn 0.9426 -0.0714 0.3263
vn 0.8937 -0.1409 0.4259
vn 0.8297 -0.2079 0.5179
vn 0.7515 -0.2714 0.6012
vn 0.6604 -0.3303 0.6743
vn 0.5582 -0.3834 0.7358
vn 0.4463 -0.4300 0.7848
vn 0.3269 -0.4693 0.8203
vn 0.2019 -0.5006 0.8418
vn 0.0734 -0.5233 0.8490
vn -0.0563 -0.5371 0.8416
vn -0.3024 -0.5904 0.7483
vn -0.1768 -0.5955 0.7836
vn -0.4229 -0.5753 0.7001
vn -0.5363 -0.5503 0.6400
vn -0.6403 -0.5159 0.5690
vn -0.7335 -0.4727 0.4882
vn -0.8142 -0.4215 0.3992
vn -0.8810 -0.3631 0.3033
vn -0.9328 -0.2983 0.2021
vn -0.9686 -0.2286 0.0976
vn -0.9879 -0.1549 -0.0086
vn -0.9903 -0.0785 -0.1148
vn -0.9757 -0.0008 -0.2190
vn -0.9445 0.0769 -0.3195
vn -0.8970 0.1534 -0.4145
vn -0.8342 0.2272 -0.5024
vn -0.7572 0.2971 -0.5817
vn -0.6670 0.3620 -0.6511
vn -0.5655 0.4207 -0.7093
vn -0.4543 0.4722 -0.7554
vn -0.3352 0.5155 -0.7885
vn -0.2105 0.5501 -0.8081
vn -0.0820 0.5752 -0.8139
vn 0.0478 0.5904 -0.8057
vn 0.1768 0.5955 -0.7836
vn 0.3027 0.5904 -0.7481
vn 0.4235 0.5752 -0.6998
vn 0.5371 0.5501 -0.6395
vn 0.6413 0.5155 -0.5682
vn 0.7346 0.4722 -0.4872
vn 0.8153 0.4207 -0.3978
vn 0.8820 0.3620 -0.3017
vn 0.9336 0.2971 -0.2002
vn 0.9691 0.2272 -0.0955
vn 0.9881 0.1534 0.0107
vn 0.9901 0.0769 0.1170
vn 0.9752 -0.0008 0.2211
vn 0.9436 -0.0785 0.3215
vn 0.8959 -0.1549 0.4164
vn 0.8329 -0.2286 0.5040
vn 0.7556 -0.2983 0.5831
vn 0.6654 -0.3631 0.6522
vn 0.5640 -0.4215 0.7101
vn 0.4528 -0.4728 0.7559
vn 0.3340 -0.5159 0.7888
vn 0.2095 -0.5503 0.8082
vn 0.0813 -0.5753 0.8139
vn -0.0482 -0.5904 0.8056
vn -0.2935 -0.6413 0.7089
vn -0.1678 -0.6468 0.7439
vn -0.4143 -0.6248 0.6618
vn -0.5280 -0.5977 0.6033
vn -0.6326 -0.5604 0.5346
vn -0.7264 -0.5134 0.4567
vn -0.8079 -0.4578 0.3710
vn -0.8755 -0.3943 0.2791
vn -0.9283 -0.3240 0.1823
vn -0.9652 -0.2482 0.0823
vn -0.9855 -0.1682 -0.0190
vn -0.9891 -0.0853 -0.1200
vn -0.9757 -0.0009 -0.2190
vn -0.9456 0.0835 -0.3143
vn -0.8993 0.1666 -0.4043
vn -0.8376 0.2467 -0.4873
vn -0.7616 0.3227 -0.5619
vn -0.6724 0.3932 -0.6270
vn -0.5719 0.4569 -0.6813
vn -0.4614 0.5128 -0.7240
vn -0.3430 0.5599 -0.7542
vn -0.2188 0.5974 -0.7715
vn -0.0906 0.6247 -0.7756
vn 0.0389 0.6412 -0.7663
vn 0.1678 0.6468 -0.7439
vn 0.2939 0.6412 -0.7088
vn 0.4149 0.6247 -0.6615
vn 0.5288 0.5974 -0.6028
vn 0.6336 0.5599 -0.5339
vn 0.7275 0.5128 -0.4557
vn 0.8090 0.4569 -0.3698
vn 0.8765 0.3932 -0.2775
vn 0.9291 0.3227 -0.1804
vn 0.9657 0.2467 -0.0804
vn 0.9858 0.1666 0.0209
vn 0.9890 0.0836 0.1221
vn 0.9752 -0.0009 0.2211
vn 0.9448 -0.0853 0.3163
vn 0.8982 -0.1683 0.4061
vn 0.8363 -0.2483 0.4888
vn 0.7601 -0.3240 0.5632
vn 0.6709 -0.3943 0.6280
vn 0.5703 -0.4577 0.6820
vn 0.4599 -0.5134 0.7244
vn 0.3417 -0.5604 0.7544
vn 0.2178 -0.5976 0.7716
vn 0.0900 -0.6248 0.7755
vn -0.0393 -0.6413 0.7663
vn -0.2839 -0.6894 0.6664
vn -0.1582 -0.6953 0.7011
vn -0.4049 -0.6717 0.6204
vn -0.5190 -0.6425 0.5637
vn -0.6242 -0.6024 0.4975
vn -0.7188 -0.5519 0.4227
vn -0.8010 -0.4921 0.3407
vn -0.8696 -0.4239 0.2530
vn -0.9235 -0.3483 0.1608
vn -0.9615 -0.2669 0.0659
vn -0.9830 -0.1809 -0.0301
vn -0.9878 -0.0916 -0.1257
vn -0.9757 -0.0009 -0.2191
vn -0.9469 0.0898 -0.3088
vn -0.9018 0.1791 -0.3933
vn -0.8413 0.2652 -0.4709
vn -0.7664 0.3469 -0.5405
vn -0.6783 0.4227 -0.6010
vn -0.5787 0.4911 -0.6510
vn -0.4691 0.5512 -0.6900
vn -0.3514 0.6019 -0.7171
vn -0.2277 0.6422 -0.7319
vn -0.1000 0.6715 -0.7342
vn 0.0293 0.6893 -0.7238
vn 0.1581 0.6953 -0.7011
vn 0.2843 0.6893 -0.6663
vn 0.4056 0.6715 -0.6201
vn 0.5199 0.6422 -0.5632
vn 0.6252 0.6019 -0.4967
vn 0.7199 0.5513 -0.4217
vn 0.8021 0.4912 -0.3395
vn 0.8707 0.4227 -0.2515
vn 0.9243 0.3469 -0.1591
vn 0.9620 0.2652 -0.0640
vn 0.9833 0.1791 0.0320
vn 0.9877 0.0898 0.1276
vn 0.9752 -0.0009 0.2210
vn 0.9461 -0.0917 0.3106
vn 0.9007 -0.1809 0.3949
vn 0.8400 -0.2669 0.4723
vn 0.7650 -0.3483 0.5417
vn 0.6767 -0.4239 0.6019
vn 0.5772 -0.4921 0.6517
vn 0.4676 -0.5520 0.6904
vn 0.3501 -0.6024 0.7173
vn 0.2267 -0.6425 0.7320
vn 0.0993 -0.6717 0.7342
vn -0.0297 -0.6894 0.7238
vn -0.2737 -0.7345 0.6210
vn -0.1478 -0.7408 0.6552
vn -0.3949 -0.7156 0.5761
vn -0.5095 -0.6845 0.5213
vn -0.6152 -0.6418 0.4578
vn -0.7105 -0.5881 0.3863
vn -0.7938 -0.5243 0.3083
vn -0.8633 -0.4516 0.2250
vn -0.9183 -0.3711 0.1378
vn -0.9575 -0.2843 0.0483
vn -0.9803 -0.1927 -0.0420
vn -0.9864 -0.0977 -0.1317
vn -0.9757 -0.0010 -0.2192
vn -0.9482 0.0957 -0.3029
vn -0.9044 0.1908 -0.3815
vn -0.8453 0.2826 -0.4534
vn -0.7716 0.3696 -0.5177
vn -0.6846 0.4504 -0.5731
vn -0.5860 0.5233 -0.6186
vn -0.4773 0.5873 -0.6536
vn -0.3603 0.6413 -0.6774
vn -0.2373 0.6842 -0.6896
vn -0.1100 0.7155 -0.6899
vn 0.0191 0.7344 -0.6784
vn 0.1478 0.7408 -0.6552
vn 0.2740 0.7345 -0.6208
vn 0.3956 0.7155 -0.5758
vn 0.5104 0.6842 -0.5209
vn 0.6163 0.6413 -0.4570
vn 0.7117 0.5873 -0.3854
vn 0.7949 0.5233 -0.3071
vn 0.8643 0.4504 -0.2236
vn 0.9191 0.3696 -0.1362
vn 0.9581 0.2826 -0.0465
vn 0.9806 0.1909 0.0438
vn 0.9864 0.0957 0.1335
vn 0.9752 -0.0010 0.2210
vn 0.9474 -0.0977 0.3045
vn 0.9034 -0.1928 0.3830
vn 0.8440 -0.2843 0.4547
vn 0.7702 -0.3711 0.5187
vn 0.6831 -0.4516 0.5739
vn 0.5845 -0.5243 0.6192
vn 0.4758 -0.5881 0.6540
vn 0.3591 -0.6418 0.6776
vn 0.2363 -0.6845 0.6896
vn 0.1093 -0.7156 0.6898
vn -0.0194 -0.7345 0.6783
vn -0.2628 -0.7765 0.5727
vn -0.1368 -0.7831 0.6066
vn -0.3844 -0.7565 0.5291
vn -0.4993 -0.7237 0.4764
vn -0.6057 -0.6785 0.4156
vn -0.7018 -0.6217 0.3477
vn -0.7860 -0.5543 0.2738
vn -0.8566 -0.4775 0.1953
vn -0.9128 -0.3923 0.1134
vn -0.9533 -0.3006 0.0296
vn -0.9775 -0.2037 -0.0547
vn -0.9850 -0.1032 -0.1382
vn -0.9756 -0.0010 -0.2192
vn -0.9496 0.1012 -0.2966
vn -0.9073 0.2018 -0.3689
vn -0.8495 0.2988 -0.4348
vn -0.7771 0.3907 -0.4934
vn -0.6913 0.4761 -0.5435
vn -0.5938 0.5532 -0.5842
vn -0.4860 0.6209 -0.6150
vn -0.3698 0.6780 -0.6353
vn -0.2474 0.7233 -0.6446
vn -0.1206 0.7564 -0.6429
vn 0.0082 0.7764 -0.6301
vn 0.1368 0.7831 -0.6066
vn 0.2631 0.7764 -0.5726
vn 0.3850 0.7564 -0.5288
vn 0.5002 0.7233 -0.4759
vn 0.6068 0.6780 -0.4149
vn 0.7030 0.6209 -0.3468
vn 0.7871 0.5532 -0.2727
vn 0.8577 0.4761 -0.1940
vn 0.9137 0.3907 -0.1119
vn 0.9539 0.2988 -0.0280
vn 0.9778 0.2018 0.0563
vn 0.9850 0.1012 0.1399
vn 0.9753 -0.0010 0.2209
vn 0.9489 -0.1032 0.2981
vn 0.9062 -0.2038 0.3703
vn 0.8482 -0.3006 0.4360
vn 0.7757 -0.3923 0.4943
vn 0.6897 -0.4775 0.5443
vn 0.5922 -0.5543 0.5848
vn 0.4845 -0.6217 0.6153
vn 0.3685 -0.6785 0.6354
vn 0.2464 -0.7237 0.6446
vn 0.1199 -0.7565 0.6428
vn -0.0085 -0.7765 0.6301
vn -0.2513 -0.8151 0.5219
vn -0.1253 -0.8221 0.5553
vn -0.3731 -0.7942 0.4795
vn -0.4886 -0.7597 0.4290
vn -0.5957 -0.7123 0.3712
vn -0.6926 -0.6526 0.3070
vn -0.7778 -0.5819 0.2376
vn -0.8496 -0.5012 0.1641
vn -0.9070 -0.4119 0.0877
vn -0.9488 -0.3156 0.0099
vn -0.9745 -0.2139 -0.0680
vn -0.9835 -0.1084 -0.1449
vn -0.9756 -0.0011 -0.2193
vn -0.9511 0.1062 -0.2900
vn -0.9103 0.2118 -0.3557
vn -0.8539 0.3136 -0.4153
vn -0.7829 0.4102 -0.4678
vn -0.6983 0.4998 -0.5123
vn -0.6019 0.5808 -0.5481
vn -0.4951 0.6518 -0.5744
vn -0.3798 0.7117 -0.5909
vn -0.2581 0.7594 -0.5972
vn -0.1318 0.7940 -0.5934
vn -0.0033 0.8151 -0.5793
vn 0.1253 0.8221 -0.5553
vn 0.2517 0.8151 -0.5218
vn 0.3738 0.7941 -0.4793
vn 0.4895 0.7594 -0.4286
vn 0.5968 0.7117 -0.3706
vn 0.6938 0.6518 -0.3061
vn 0.7789 0.5808 -0.2365
vn 0.8506 0.4998 -0.1628
vn 0.9079 0.4102 -0.0863
vn 0.9495 0.3136 -0.0084
vn 0.9748 0.2118 0.0696
vn 0.9835 0.1062 0.1465
vn 0.9753 -0.0011 0.2208
vn 0.9504 -0.1084 0.2914
vn 0.9093 -0.2139 0.3570
vn 0.8527 -0.3156 0.4164
vn 0.7815 -0.4118 0.4686
vn 0.6968 -0.5012 0.5130
vn 0.6004 -0.5819 0.5485
vn 0.4937 -0.6526 0.5747
vn 0.3786 -0.7123 0.5910
vn 0.2571 -0.7597 0.5972
vn 0.1311 -0.7942 0.5933
vn 0.0029 -0.8151 0.5792
vn -0.2393 -0.8503 0.4687
vn -0.1132 -0.8576 0.5017
vn -0.3615 -0.8285 0.4277
vn -0.4775 -0.7925 0.3794
vn -0.5852 -0.7430 0.3247
vn -0.6830 -0.6808 0.2644
vn -0.7692 -0.6070 0.1996
vn -0.8422 -0.5228 0.1314
vn -0.9009 -0.4296 0.0609
vn -0.9442 -0.3292 -0.0107
vn -0.9713 -0.2231 -0.0820
vn -0.9819 -0.1131 -0.1520
vn -0.9756 -0.0012 -0.2194
vn -0.9527 0.1108 -0.2830
vn -0.9134 0.2209 -0.3419
vn -0.8585 0.3272 -0.3948
vn -0.7889 0.4279 -0.4410
vn -0.7056 0.5214 -0.4797
vn -0.6105 0.6058 -0.5101
vn -0.5047 0.6800 -0.5318
vn -0.3903 0.7424 -0.5445
vn -0.2693 0.7921 -0.5477
vn -0.1435 0.8283 -0.5416
vn -0.0153 0.8502 -0.5261
vn 0.1132 0.8576 -0.5017
vn 0.2397 0.8502 -0.4686
vn 0.3621 0.8283 -0.4275
vn 0.4783 0.7921 -0.3790
vn 0.5863 0.7424 -0.3241
vn 0.6842 0.6800 -0.2636
vn 0.7704 0.6058 -0.1986
vn 0.8433 0.5214 -0.1303
vn 0.9019 0.4279 -0.0595
vn 0.9449 0.3272 0.0120
vn 0.9717 0.2210 0.0834
vn 0.9819 0.1108 0.1534
vn 0.9753 -0.0012 0.2207
vn 0.9520 -0.1131 0.2843
vn 0.9124 -0.2232 0.3430
vn 0.8573 -0.3292 0.3958
vn 0.7875 -0.4296 0.4418
vn 0.7042 -0.5229 0.4803
vn 0.6090 -0.6070 0.5105
vn 0.5033 -0.6808 0.5321
vn 0.3891 -0.7430 0.5445
vn 0.2683 -0.7925 0.5477
vn 0.1428 -0.8285 0.5415
vn 0.0149 -0.8503 0.5260
vn -0.2269 -0.8818 0.4134
vn -0.1006 -0.8894 0.4459
vn -0.3493 -0.8592 0.3738
vn -0.4658 -0.8219 0.3279
vn -0.5743 -0.7706 0.2764
vn -0.6731 -0.7060 0.2201
vn -0.7603 -0.6295 0.1601
vn -0.8345 -0.5423 0.0974
vn -0.8946 -0.4456 0.0329
vn -0.9394 -0.3414 -0.0320
vn -0.9680 -0.2314 -0.0965
vn -0.9802 -0.1173 -0.1593
vn -0.9756 -0.0012 -0.2195
vn -0.9543 0.1149 -0.2758
vn -0.9166 0.2291 -0.3275
vn -0.8633 0.3393 -0.3735
vn -0.7952 0.4438 -0.4132
vn -0.7133 0.5407 -0.4458
vn -0.6194 0.6283 -0.4707
vn -0.5147 0.7051 -0.4876
vn -0.4012 0.7700 -0.4961
vn -0.2809 0.8215 -0.4962
vn -0.1556 0.8590 -0.4877
vn -0.0277 0.8818 -0.4708
vn 0.1006 0.8894 -0.4459
vn 0.2272 0.8818 -0.4133
vn 0.3500 0.8590 -0.3736
vn 0.4667 0.8215 -0.3275
vn 0.5754 0.7700 -0.2758
vn 0.6742 0.7052 -0.2194
vn 0.7615 0.6283 -0.1592
vn 0.8357 0.5407 -0.0963
vn 0.8956 0.4437 -0.0317
vn 0.9401 0.3393 0.0333
vn 0.9684 0.2292 0.0978
vn 0.9803 0.1149 0.1606
vn 0.9537 -0.1173 0.2770
vn 0.9157 -0.2314 0.3285
vn 0.8621 -0.3414 0.3743
vn 0.7938 -0.4455 0.4138
vn 0.7119 -0.5423 0.4463
vn 0.6179 -0.6295 0.4711
vn 0.5133 -0.7060 0.4878
vn 0.4000 -0.7706 0.4962
vn 0.2799 -0.8219 0.4961
vn 0.1549 -0.8592 0.4876
vn 0.0274 -0.8818 0.4707
vn -0.2140 -0.9096 0.3562
vn -0.0876 -0.9174 0.3882
vn -0.3367 -0.8862 0.3181
vn -0.4538 -0.8477 0.2746
vn -0.5630 -0.7948 0.2264
vn -0.6627 -0.7283 0.1743
vn -0.7511 -0.6493 0.1193
vn -0.8266 -0.5593 0.0622
vn -0.8881 -0.4596 0.0040
vn -0.9344 -0.3521 -0.0542
vn -0.9647 -0.2387 -0.1115
vn -0.9785 -0.1210 -0.1670
vn -0.9560 0.1185 -0.2684
vn -0.9200 0.2363 -0.3126
vn -0.8683 0.3500 -0.3515
vn -0.8017 0.4577 -0.3844
vn -0.7212 0.5578 -0.4107
vn -0.6286 0.6481 -0.4300
vn -0.5251 0.7273 -0.4419
vn -0.4125 0.7942 -0.4462
vn -0.2929 0.8473 -0.4429
vn -0.1682 0.8860 -0.4319
vn -0.0406 0.9095 -0.4136
vn 0.0876 0.9174 -0.3882
vn 0.2143 0.9095 -0.3561
vn 0.3374 0.8860 -0.3179
vn 0.4547 0.8473 -0.2742
vn 0.5641 0.7942 -0.2259
vn 0.6639 0.7273 -0.1736
vn 0.7523 0.6481 -0.1184
vn 0.8277 0.5577 -0.0613
vn 0.8891 0.4577 -0.0029
vn 0.9351 0.3500 0.0553
vn 0.9651 0.2364 0.1126
vn 0.9786 0.1185 0.1681
vn 0.9753 -0.0013 0.2206
vn 0.9554 -0.1210 0.2693
vn 0.9191 -0.2387 0.3135
vn 0.8671 -0.3521 0.3522
vn 0.8003 -0.4596 0.3849
vn 0.7198 -0.5593 0.4111
vn 0.6271 -0.6493 0.4302
vn 0.5237 -0.7283 0.4420
vn 0.4113 -0.7948 0.4462
vn 0.2919 -0.8477 0.4428
vn 0.1675 -0.8862 0.4319
vn 0.0403 -0.9096 0.4135
vn -0.2007 -0.9334 0.2973
vn -0.0742 -0.9415 0.3288
vn -0.3238 -0.9095 0.2608
vn -0.4414 -0.8700 0.2197
vn -0.5514 -0.8157 0.1750
vn -0.6521 -0.7474 0.1272
vn -0.7416 -0.6663 0.0772
vn -0.8184 -0.5740 0.0260
vn -0.8814 -0.4717 -0.0257
vn -0.9292 -0.3614 -0.0770
vn -0.9612 -0.2449 -0.1269
vn -0.9767 -0.1241 -0.1748
vn -0.9756 -0.0013 -0.2196
vn -0.9577 0.1216 -0.2607
vn -0.9234 0.2425 -0.2973
vn -0.8734 0.3592 -0.3289
vn -0.8083 0.4697 -0.3548
vn -0.7294 0.5724 -0.3746
vn -0.6381 0.6650 -0.3880
vn -0.5357 0.7464 -0.3948
vn -0.4241 0.8150 -0.3948
vn -0.3053 0.8696 -0.3880
vn -0.1811 0.9093 -0.3746
vn -0.0539 0.9334 -0.3547
vn 0.0742 0.9415 -0.3288
vn 0.2010 0.9334 -0.2972
vn 0.3244 0.9093 -0.2605
vn 0.4423 0.8696 -0.2194
vn 0.5525 0.8150 -0.1745
vn 0.6533 0.7464 -0.1266
vn 0.7429 0.6651 -0.0765
vn 0.8196 0.5724 -0.0252
vn 0.8824 0.4697 0.0267
vn 0.9300 0.3592 0.0780
vn 0.9616 0.2426 0.1279
vn 0.9769 0.1216 0.1757
vn 0.9754 -0.0013 0.2205
vn 0.9572 -0.1241 0.2615
vn 0.9225 -0.2450 0.2980
vn 0.8723 -0.3614 0.3294
vn 0.8071 -0.4716 0.3552
vn 0.7280 -0.5740 0.3749
vn 0.6366 -0.6663 0.3882
vn 0.5343 -0.7474 0.3948
vn 0.4229 -0.8157 0.3948
vn 0.3043 -0.8700 0.3880
vn 0.1805 -0.9095 0.3745
vn 0.0536 -0.9334 0.3547
vn -0.1871 -0.9533 0.2371
vn -0.0605 -0.9615 0.2680
vn -0.3105 -0.9288 0.2020
vn -0.4288 -0.8885 0.1635
vn -0.5395 -0.8330 0.1223
vn -0.6412 -0.7633 0.0790
vn -0.7319 -0.6805 0.0342
vn -0.8101 -0.5862 -0.0110
vn -0.8745 -0.4817 -0.0562
vn -0.9239 -0.3691 -0.1003
vn -0.9576 -0.2502 -0.1427
vn -0.9749 -0.1268 -0.1828
vn -0.9756 -0.0013 -0.2197
vn -0.9595 0.1242 -0.2528
vn -0.9269 0.2477 -0.2817
vn -0.8786 0.3668 -0.3057
vn -0.8152 0.4797 -0.3245
vn -0.7377 0.5846 -0.3377
vn -0.6477 0.6792 -0.3451
vn -0.5465 0.7623 -0.3466
vn -0.4359 0.8324 -0.3422
vn -0.3180 0.8881 -0.3319
vn -0.1944 0.9286 -0.3159
vn -0.0675 0.9532 -0.2945
vn 0.0605 0.9615 -0.2680
vn 0.1874 0.9532 -0.2370
vn 0.3112 0.9286 -0.2018
vn 0.4297 0.8881 -0.1632
vn 0.5406 0.8324 -0.1219
vn 0.6424 0.7623 -0.0784
vn 0.7331 0.6792 -0.0336
vn 0.8112 0.5846 0.0117
vn 0.8755 0.4797 0.0570
vn 0.9248 0.3668 0.1012
vn 0.9581 0.2477 0.1436
vn 0.9751 0.1242 0.1836
vn 0.9754 -0.0013 0.2204
vn 0.9590 -0.1268 0.2535
vn 0.9261 -0.2502 0.2822
vn 0.8775 -0.3691 0.3061
vn 0.8139 -0.4817 0.3247
vn 0.7363 -0.5862 0.3379
vn 0.6463 -0.6805 0.3452
vn 0.5452 -0.7633 0.3466
vn 0.4347 -0.8330 0.3421
vn 0.3170 -0.8885 0.3318
vn 0.1937 -0.9288 0.3158
vn 0.0672 -0.9533 0.2944
vn -0.1733 -0.9691 0.1757
vn -0.0465 -0.9774 0.2061
vn -0.2970 -0.9442 0.1422
vn -0.4158 -0.9032 0.1063
vn -0.5274 -0.8468 0.0687
vn -0.6301 -0.7759 0.0298
vn -0.7220 -0.6918 -0.0096
vn -0.8015 -0.5959 -0.0488
vn -0.8675 -0.4897 -0.0872
vn -0.9186 -0.3752 -0.1241
vn -0.9540 -0.2543 -0.1588
vn -0.9731 -0.1289 -0.1910
vn -0.9755 -0.0013 -0.2198
vn -0.9613 0.1263 -0.2448
vn -0.9305 0.2518 -0.2658
vn -0.8839 0.3729 -0.2821
vn -0.8222 0.4877 -0.2936
vn -0.7462 0.5942 -0.3000
vn -0.6576 0.6904 -0.3014
vn -0.5576 0.7749 -0.2976
vn -0.4480 0.8461 -0.2886
vn -0.3309 0.9028 -0.2747
vn -0.2079 0.9440 -0.2561
vn -0.0813 0.9690 -0.2331
vn 0.0465 0.9774 -0.2061
vn 0.1736 0.9690 -0.1756
vn 0.2977 0.9440 -0.1420
vn 0.4168 0.9028 -0.1061
vn 0.5286 0.8461 -0.0683
vn 0.6313 0.7749 -0.0293
vn 0.7233 0.6905 0.0101
vn 0.8028 0.5942 0.0494
vn 0.8686 0.4877 0.0879
vn 0.9194 0.3729 0.1248
vn 0.9545 0.2518 0.1595
vn 0.9733 0.1263 0.1916
vn 0.9754 -0.0013 0.2203
vn 0.9608 -0.1289 0.2453
vn 0.9298 -0.2543 0.2661
vn 0.8829 -0.3752 0.2823
vn 0.8209 -0.4896 0.2937
vn 0.7448 -0.5959 0.3001
vn 0.6562 -0.6918 0.3013
vn 0.5563 -0.7759 0.2975
vn 0.4468 -0.8468 0.2885
vn 0.3299 -0.9032 0.2746
vn 0.2072 -0.9442 0.2560
vn 0.0810 -0.9691 0.2330
vn -0.1592 -0.9807 0.1134
vn -0.0323 -0.9891 0.1433
vn -0.2834 -0.9555 0.0815
vn -0.4028 -0.9140 0.0483
vn -0.5152 -0.8570 0.0143
vn -0.6189 -0.7852 -0.0200
vn -0.7120 -0.7001 -0.0540
vn -0.7929 -0.6030 -0.0870
vn -0.8604 -0.4956 -0.1187
vn -0.9131 -0.3797 -0.1482
vn -0.9503 -0.2573 -0.1752
vn -0.9712 -0.1304 -0.1993
vn -0.9755 -0.0013 -0.2199
vn -0.9631 0.1278 -0.2367
vn -0.9342 0.2548 -0.2496
vn -0.8893 0.3774 -0.2581
vn -0.8292 0.4935 -0.2622
vn -0.7548 0.6013 -0.2618
vn -0.6676 0.6987 -0.2570
vn -0.5688 0.7842 -0.2477
vn -0.4603 0.8563 -0.2342
vn -0.3439 0.9136 -0.2167
vn -0.2215 0.9554 -0.1955
vn -0.0954 0.9807 -0.1708
vn 0.0323 0.9891 -0.1433
vn 0.1595 0.9807 -0.1133
vn 0.2840 0.9554 -0.0814
vn 0.4037 0.9136 -0.0480
vn 0.5163 0.8563 -0.0139
vn 0.6201 0.7842 0.0205
vn 0.7133 0.6987 0.0545
vn 0.7941 0.6014 0.0876
vn 0.8615 0.4935 0.1192
vn 0.9140 0.3774 0.1487
vn 0.9509 0.2549 0.1757
vn 0.9715 0.1278 0.1997
vn 0.9627 -0.1304 0.2370
vn 0.9334 -0.2574 0.2498
vn 0.8883 -0.3797 0.2582
vn 0.8280 -0.4955 0.2623
vn 0.7535 -0.6030 0.2618
vn 0.6662 -0.7001 0.2569
vn 0.5675 -0.7852 0.2476
vn 0.4591 -0.8570 0.2341
vn 0.3430 -0.9140 0.2166
vn 0.2209 -0.9555 0.1953
vn 0.0951 -0.9807 0.1708
vn -0.1450 -0.9881 0.0505
vn -0.0180 -0.9966 0.0799
vn -0.2695 -0.9628 0.0203
vn -0.3895 -0.9209 -0.0103
vn -0.5027 -0.8635 -0.0407
vn -0.6075 -0.7912 -0.0704
vn -0.7019 -0.7054 -0.0989
vn -0.7842 -0.6076 -0.1257
vn -0.8532 -0.4993 -0.1504
vn -0.9077 -0.3825 -0.1725
vn -0.9466 -0.2593 -0.1917
vn -0.9693 -0.1314 -0.2076
vn -0.9650 0.1287 -0.2286
vn -0.9379 0.2568 -0.2332
vn -0.8948 0.3802 -0.2339
vn -0.8364 0.4973 -0.2306
vn -0.7635 0.6059 -0.2233
vn -0.6777 0.7040 -0.2122
vn -0.5802 0.7902 -0.1975
vn -0.4727 0.8628 -0.1793
vn -0.3572 0.9205 -0.1581
vn -0.2354 0.9626 -0.1342
vn -0.1096 0.9881 -0.1080
vn 0.0180 0.9966 -0.0799
vn 0.1453 0.9881 -0.0504
vn 0.2702 0.9626 -0.0201
vn 0.3905 0.9205 0.0105
vn 0.5039 0.8628 0.0410
vn 0.6088 0.7902 0.0707
vn 0.7031 0.7040 0.0993
vn 0.7854 0.6059 0.1261
vn 0.8544 0.4972 0.1509
vn 0.9086 0.3802 0.1729
vn 0.9472 0.2568 0.1921
vn 0.9696 0.1288 0.2079
vn 0.9754 -0.0014 0.2202
vn 0.9646 -0.1314 0.2287
vn 0.9372 -0.2593 0.2333
vn 0.8938 -0.3825 0.2339
vn 0.8352 -0.4993 0.2305
vn 0.7622 -0.6076 0.2232
vn 0.6764 -0.7054 0.2120
vn 0.5789 -0.7912 0.1973
vn 0.4715 -0.8635 0.1791
vn 0.3562 -0.9209 0.1580
vn 0.2347 -0.9628 0.1341
vn 0.1092 -0.9881 0.1079
vn -0.1307 -0.9913 -0.0126
vn -0.0036 -0.9998 0.0161
vn -0.2556 -0.9659 -0.0413
vn -0.3762 -0.9239 -0.0692
vn -0.4903 -0.8662 -0.0959
vn -0.5961 -0.7937 -0.1210
vn -0.6917 -0.7077 -0.1440
vn -0.7754 -0.6096 -0.1646
vn -0.8460 -0.5009 -0.1823
vn -0.9021 -0.3838 -0.1970
vn -0.9428 -0.2601 -0.2083
vn -0.9674 -0.1318 -0.2160
vn -0.9755 -0.0013 -0.2200
vn -0.9668 0.1292 -0.2203
vn -0.9416 0.2576 -0.2168
vn -0.9003 0.3815 -0.2096
vn -0.8436 0.4989 -0.1988
vn -0.7723 0.6079 -0.1845
vn -0.6879 0.7063 -0.1672
vn -0.5916 0.7927 -0.1469
vn -0.4851 0.8656 -0.1241
vn -0.3704 0.9235 -0.0992
vn -0.2493 0.9657 -0.0726
vn -0.1238 0.9913 -0.0448
vn 0.0036 0.9998 -0.0161
vn 0.1311 0.9913 0.0127
vn 0.2563 0.9657 0.0414
vn 0.3772 0.9235 0.0694
vn 0.4914 0.8656 0.0962
vn 0.5974 0.7927 0.1213
vn 0.6930 0.7063 0.1443
vn 0.7767 0.6079 0.1649
vn 0.8472 0.4989 0.1827
vn 0.9031 0.3814 0.1972
vn 0.9435 0.2576 0.2085
vn 0.9678 0.1292 0.2161
vn 0.9755 -0.0013 0.2201
vn 0.9665 -0.1318 0.2203
vn 0.9409 -0.2602 0.2167
vn 0.8993 -0.3838 0.2094
vn 0.8424 -0.5009 0.1986
vn 0.7710 -0.6096 0.1843
vn 0.6865 -0.7077 0.1669
vn 0.5903 -0.7937 0.1466
vn 0.4840 -0.8662 0.1239
vn 0.3695 -0.9239 0.0990
vn 0.2486 -0.9659 0.0725
vn 0.1235 -0.9913 0.0447
vn -0.1165 -0.9903 -0.0759
vn 0.0107 -0.9988 -0.0476
vn -0.2417 -0.9648 -0.1029
vn -0.3629 -0.9229 -0.1281
vn -0.4778 -0.8653 -0.1512
vn -0.5846 -0.7929 -0.1717
vn -0.6815 -0.7069 -0.1892
vn -0.7667 -0.6089 -0.2035
vn -0.8388 -0.5004 -0.2143
vn -0.8966 -0.3834 -0.2215
vn -0.9391 -0.2598 -0.2249
vn -0.9655 -0.1317 -0.2244
vn -0.9755 -0.0013 -0.2201
vn -0.9687 0.1290 -0.2121
vn -0.9453 0.2573 -0.2004
vn -0.9058 0.3811 -0.1852
vn -0.8507 0.4983 -0.1669
vn -0.7810 0.6072 -0.1458
vn -0.6980 0.7056 -0.1221
vn -0.6030 0.7919 -0.0963
vn -0.4976 0.8647 -0.0689
vn -0.3837 0.9225 -0.0403
vn -0.2632 0.9647 -0.0110
vn -0.1381 0.9902 0.0185
vn -0.0107 0.9988 0.0476
vn 0.1168 0.9902 0.0760
vn 0.2424 0.9647 0.1031
vn 0.3639 0.9225 0.1284
vn 0.4790 0.8647 0.1514
vn 0.5860 0.7919 0.1719
vn 0.6829 0.7056 0.1894
vn 0.7679 0.6072 0.2037
vn 0.8400 0.4983 0.2145
vn 0.8976 0.3810 0.2216
vn 0.9398 0.2573 0.2249
vn 0.9659 0.1290 0.2244
vn 0.9755 -0.0013 0.2200
vn 0.9684 -0.1317 0.2119
vn 0.9447 -0.2599 0.2001
vn 0.9049 -0.3834 0.1849
vn 0.8496 -0.5004 0.1666
vn 0.7797 -0.6089 0.1454
vn 0.6967 -0.7069 0.1217
vn 0.6017 -0.7929 0.0960
vn 0.4964 -0.8653 0.0686
vn 0.3828 -0.9229 0.0401
vn 0.2625 -0.9648 0.0108
vn 0.1378 -0.9903 -0.0186
vn -0.1093 -0.9882 -0.1075
vn 0.0179 -0.9966 -0.0795
vn -0.2347 -0.9628 -0.1336
vn -0.3561 -0.9210 -0.1576
vn -0.4714 -0.8636 -0.1787
vn -0.5788 -0.7913 -0.1969
vn -0.6762 -0.7056 -0.2117
vn -0.7621 -0.6078 -0.2229
vn -0.8351 -0.4995 -0.2303
vn -0.8938 -0.3827 -0.2337
vn -0.9372 -0.2594 -0.2332
vn -0.9646 -0.1315 -0.2286
vn -0.9754 -0.0013 -0.2202
vn -0.9696 0.1288 -0.2080
vn -0.9471 0.2569 -0.1921
vn -0.9084 0.3804 -0.1731
vn -0.8542 0.4975 -0.1510
vn -0.7852 0.6061 -0.1263
vn -0.7029 0.7042 -0.0995
vn -0.6085 0.7903 -0.0710
vn -0.5036 0.8629 -0.0413
vn -0.3902 0.9206 -0.0108
vn -0.2700 0.9626 0.0198
vn -0.1452 0.9881 0.0501
vn -0.0179 0.9966 0.0795
vn 0.1096 0.9881 0.1076
vn 0.2353 0.9626 0.1338
vn 0.3571 0.9207 0.1577
vn 0.4725 0.8629 0.1790
vn 0.5801 0.7903 0.1971
vn 0.6776 0.7042 0.2119
vn 0.7634 0.6061 0.2230
vn 0.8363 0.4975 0.2304
vn 0.8948 0.3804 0.2337
vn 0.9379 0.2569 0.2331
vn 0.9650 0.1288 0.2285
vn 0.9755 -0.0013 0.2199
vn 0.9693 -0.1315 0.2076
vn 0.9465 -0.2595 0.1918
vn 0.9076 -0.3827 0.1726
vn 0.8531 -0.4995 0.1506
vn 0.7840 -0.6078 0.1259
vn 0.7016 -0.7056 0.0991
vn 0.6072 -0.7914 0.0707
vn 0.5025 -0.8636 0.0410
vn 0.3893 -0.9210 0.0106
vn 0.2693 -0.9628 -0.0199
vn 0.1448 -0.9882 -0.0501
vn -0.5381 -0.3898 0.7473
vn -0.5714 -0.1605 0.8048
vn -0.6724 -0.1573 0.7232
vn -0.6343 -0.3844 0.6707
vn 0.6587 -0.2074 -0.7232
vn 0.6750 -0.0674 -0.7347
vn 0.7646 -0.0714 -0.6405
vn 0.7451 -0.2154 -0.6312
vn 0.8454 -0.3255 0.4234
vn 0.8809 -0.1271 0.4559
vn 0.8132 -0.1336 0.5665
vn 0.7793 -0.3377 0.5278
vn 0.8830 0.2509 -0.3967
vn 0.9008 0.1419 -0.4103
vn 0.8387 0.1473 -0.5243
vn 0.8220 0.2564 -0.5085
vn -0.0415 0.2757 -0.9603
vn -0.0414 0.1639 -0.9856
vn -0.1706 0.1621 -0.9719
vn -0.1682 0.2743 -0.9468
vn 0.4067 0.1796 0.8957
vn 0.4155 0.0687 0.9069
vn 0.5297 0.0729 0.8450
vn 0.5188 0.1834 0.8349
vn 0.0906 -0.1937 -0.9768
vn 0.0914 -0.0600 -0.9940
vn 0.2197 -0.0598 -0.9737
vn 0.2158 -0.1927 -0.9572
vn -0.8538 -0.3601 0.3760
vn -0.9007 -0.1434 0.4101
vn -0.9474 -0.1376 0.2888
vn -0.8997 -0.3496 0.2614
vn 0.9589 0.2384 -0.1539
vn 0.9781 0.1296 -0.1628
vn 0.9476 0.1360 -0.2890
vn 0.9289 0.2448 -0.2777
vn -0.5227 0.2651 -0.8102
vn -0.5323 0.1517 -0.8329
vn -0.6372 0.1468 -0.7566
vn -0.6255 0.2605 -0.7354
vn 0.9490 -0.2597 -0.1784
vn 0.9803 -0.0933 -0.1742
vn 0.9940 -0.0999 -0.0453
vn 0.9605 -0.2727 -0.0543
vn -0.3201 -0.3961 0.8606
vn -0.3416 -0.1643 0.9253
vn -0.4605 -0.1628 0.8726
vn -0.4327 -0.3937 0.8110
vn -0.0806 -0.3961 0.9146
vn -0.0887 -0.1646 0.9823
vn -0.2170 -0.1649 0.9621
vn -0.2021 -0.3969 0.8953
vn 0.6348 0.0779 0.7687
vn 0.6219 0.1880 0.7601
vn 0.1649 -0.3898 0.9060
vn 0.1706 -0.1614 0.9720
vn 0.0413 -0.1635 0.9857
vn 0.0424 -0.3937 0.9182
vn 0.3443 -0.0604 -0.9369
vn 0.3373 -0.1936 -0.9213
vn 0.7468 0.2615 -0.6115
vn 0.7621 0.1522 -0.6293
vn 0.6725 0.1563 -0.7234
vn 0.6588 0.2659 -0.7038
vn 0.7002 -0.3492 0.6226
vn 0.7315 -0.1397 0.6673
vn 0.6372 -0.1453 0.7568
vn 0.6095 -0.3598 0.7064
vn -0.9779 -0.1314 0.1626
vn -0.9303 -0.3382 0.1419
vn 0.4530 -0.1964 -0.8696
vn 0.4631 -0.0619 -0.8841
vn 0.5741 -0.0642 -0.8163
vn 0.5608 -0.2010 -0.8031
vn 0.7291 0.0833 0.6792
vn 0.7146 0.1932 0.6723
vn 0.5596 0.2696 -0.7837
vn 0.5714 0.1598 -0.8050
vn 0.4604 0.1624 -0.8727
vn 0.4507 0.2726 -0.8500
vn -0.7978 0.2496 -0.5488
vn -0.8130 0.1353 -0.5662
vn -0.8807 0.1289 -0.4557
vn -0.8641 0.2435 -0.4404
vn -0.6627 0.1827 0.7262
vn -0.6750 0.0683 0.7346
vn -0.5741 0.0649 0.8162
vn -0.5638 0.1790 0.8063
vn -0.7803 -0.2604 -0.5686
vn -0.8107 -0.0911 -0.5783
vn -0.7290 -0.0850 -0.6792
vn -0.7029 -0.2480 -0.6666
vn 0.7948 0.1989 0.5733
vn 0.8109 0.0893 0.5783
vn 0.8787 0.0957 0.4677
vn 0.8614 0.2050 0.4648
vn 0.9315 0.1024 0.3489
vn 0.9132 0.2115 0.3482
vn -0.9335 0.1223 -0.3370
vn -0.9158 0.2371 -0.3241
vn -0.8253 0.1922 0.5310
vn -0.8410 0.0773 0.5355
vn -0.7645 0.0725 0.6405
vn -0.7504 0.1871 0.6339
vn -0.9452 -0.3260 0.0193
vn -0.9916 -0.1248 0.0336
vn -0.9883 -0.1180 -0.0962
vn -0.9439 -0.3132 -0.1046
vn 0.5090 -0.3692 0.7775
vn 0.5323 -0.1504 0.8331
vn 0.4181 -0.1548 0.8951
vn 0.4001 -0.3774 0.8351
vn -0.1619 -0.2014 -0.9660
vn -0.1679 -0.0633 -0.9838
vn -0.0385 -0.0612 -0.9974
vn -0.0360 -0.1967 -0.9798
vn 0.9692 0.2250 0.1002
vn 0.9886 0.1162 0.0961
vn 0.9918 0.1230 -0.0338
vn 0.9724 0.2318 -0.0273
vn 0.8184 -0.2248 -0.5288
vn 0.8411 -0.0760 -0.5355
vn 0.9031 -0.0813 -0.4216
vn 0.8774 -0.2355 -0.4179
vn -0.9681 -0.1111 -0.2245
vn -0.9264 -0.3001 -0.2273
vn 0.2968 -0.1585 0.9417
vn 0.2847 -0.3843 0.8782
vn 0.9494 0.2182 0.2260
vn 0.9683 0.1093 0.2244
vn 0.9907 -0.1067 0.0846
vn 0.9556 -0.2860 0.0702
vn 0.3416 0.1641 -0.9254
vn 0.3341 0.2746 -0.9016
vn -0.4108 0.2689 -0.8711
vn -0.4181 0.1559 -0.8949
vn 0.2876 0.1765 0.9413
vn 0.2941 0.0652 0.9535
vn -0.9703 0.1154 -0.2126
vn -0.9518 0.2304 -0.2022
vn -0.4551 0.1761 0.8728
vn -0.4632 0.0623 0.8841
vn -0.3444 0.0606 0.9369
vn -0.3387 0.1740 0.9246
vn 0.2169 0.1649 -0.9621
vn 0.2118 0.2759 -0.9376
vn -0.6347 -0.0793 -0.7686
vn -0.6129 -0.2362 -0.7540
vn 0.8975 -0.3127 0.3110
vn 0.9337 -0.1204 0.3372
vn -0.7314 0.1413 -0.6671
vn -0.7178 0.2553 -0.6477
vn -0.8930 -0.2867 -0.3469
vn -0.9313 -0.1043 -0.3489
vn -0.8785 -0.0976 -0.4676
vn -0.8440 -0.2734 -0.4614
vn -0.4020 -0.2160 -0.8898
vn -0.4155 -0.0699 -0.9069
vn -0.2942 -0.0662 -0.9534
vn -0.2845 -0.2079 -0.9359
vn 0.1637 0.1743 0.9710
vn 0.1679 0.0626 0.9838
vn -0.9615 0.2102 0.1769
vn -0.9801 0.0951 0.1742
vn -0.9497 0.0887 0.3003
vn -0.9317 0.2038 0.3005
vn 0.0368 0.1729 0.9843
vn 0.0385 0.0607 0.9974
vn -0.5121 -0.2255 -0.8288
vn -0.5297 -0.0743 -0.8449
vn -0.9749 0.2169 0.0505
vn -0.9938 0.1017 0.0453
vn 0.9705 -0.1135 0.2128
vn 0.9344 -0.2994 0.1926
vn -0.7200 -0.3776 0.5822
vn -0.7620 -0.1533 0.6291
vn -0.8386 -0.1487 0.5241
vn -0.7936 -0.3695 0.4834
vn -0.8860 0.1978 0.4193
vn -0.9030 0.0828 0.4216
vn -0.9905 0.1085 -0.0845
vn -0.9716 0.2236 -0.0766
vn -0.2165 0.1727 0.9609
vn -0.2198 0.0598 0.9737
vn -0.0915 0.0598 0.9940
vn -0.0906 0.1723 0.9808
vn 0.0886 0.1649 -0.9823
vn 0.0859 0.2762 -0.9572
vn 0.9498 -0.0871 -0.3003
vn 0.9212 -0.2472 -0.3003
vn -0.2920 0.2720 -0.9169
vn -0.2969 0.1594 -0.9415
vn 0.6664 0.7211 0.1895
vn 0.6804 0.7259 0.1003
vn 0.3131 0.7565 -0.5742
vn 0.2304 0.7575 -0.6109
vn -0.1666 0.6534 0.7384
vn -0.2304 -0.7575 0.6109
vn 0.4809 0.7248 -0.4933
vn 0.5460 0.7219 -0.4250
vn -0.5229 -0.7502 0.4046
vn -0.5763 -0.7470 0.3315
vn -0.6804 -0.7259 -0.1003
vn -0.6664 -0.7211 -0.1895
vn -0.3131 -0.7565 0.5742
vn -0.3903 -0.7549 0.5270
vn -0.3773 -0.6647 -0.6448
vn -0.4535 -0.6684 -0.5894
vn -0.5220 -0.6726 -0.5245
vn -0.6040 -0.7116 -0.3588
vn -0.5569 -0.7071 -0.4358
vn -0.6407 -0.7163 -0.2762
vn 0.6520 0.7394 -0.1677
vn 0.6194 0.7434 -0.2522
vn -0.6955 -0.6917 -0.1945
vn -0.7102 -0.6966 -0.1014
vn -0.3271 -0.7286 0.6018
vn -0.2409 -0.7295 0.6401
vn 0.6732 0.7351 -0.0799
vn -0.6466 -0.7149 0.2661
vn -0.6015 -0.7187 0.3487
vn 0.5763 0.7470 -0.3315
vn 0.6015 0.7187 -0.3487
vn -0.4999 -0.7028 -0.5060
vn 0.7125 0.7016 0.0071
vn 0.7102 0.6966 0.1014
vn -0.6732 -0.7351 0.0799
vn -0.6827 -0.7306 -0.0099
vn 0.5813 0.6771 0.4512
vn 0.5220 0.6726 0.5245
vn -0.2945 -0.6614 -0.6898
vn 0.5230 0.7502 -0.4046
vn 0.4606 0.7528 -0.4702
vn 0.0711 -0.6848 -0.7252
vn 0.1504 0.7299 -0.6668
vn -0.6688 -0.6867 -0.2848
vn 0.3903 0.7549 -0.5270
vn 0.1147 0.6564 0.7456
vn 0.0209 0.6548 0.7555
vn -0.7026 -0.7063 0.0864
vn -0.6805 -0.7107 0.1780
vn -0.4606 -0.7528 0.4702
vn 0.6805 0.7107 -0.1780
vn 0.7026 0.7063 -0.0864
vn 0.0734 -0.6539 -0.7530
vn -0.0209 -0.6548 -0.7555
vn 0.0194 0.6858 0.7276
vn 0.1094 0.6873 0.7181
vn 0.6827 0.7306 0.0098
vn -0.0711 0.6848 0.7252
vn -0.1147 -0.6564 -0.7456
vn -0.6305 -0.6818 -0.3710
vn -0.4343 -0.6988 -0.5683
vn -0.3613 -0.6952 -0.6214
vn -0.1504 -0.7299 0.6668
vn -0.6194 -0.7434 0.2522
vn 0.2409 0.7295 -0.6401
vn 0.3271 0.7286 -0.6018
vn 0.4535 0.6684 0.5894
vn -0.5460 -0.7219 0.4250
vn -0.4809 -0.7248 0.4933
vn 0.2064 0.6587 0.7236
vn -0.2064 -0.6587 -0.7236
vn 0.5569 0.7071 0.4358
vn 0.6040 0.7116 0.3588
vn 0.3773 0.6647 0.6448
vn 0.2945 0.6614 0.6898
vn 0.6955 0.6917 0.1945
vn -0.1973 -0.6894 -0.6970
vn -0.1094 -0.6873 -0.7181
vn -0.0194 -0.6858 -0.7276
vn -0.4076 -0.7270 0.5526
vn 0.6466 0.7149 -0.2661
vn 0.6407 0.7163 0.2762
vn 0.6688 0.6867 0.2849
vn -0.7125 -0.7016 -0.0071
vn -0.2817 -0.6921 -0.6645
vn 0.1666 -0.6534 -0.7384
vn 0.5000 0.7028 0.5060
vn 0.4076 0.7270 -0.5526
vn -0.5813 -0.6771 -0.4512
vn 0.3612 0.6952 0.6214
vn 0.4343 0.6988 0.5683
vn 0.6304 0.6818 0.3710
vn 0.1973 0.6894 0.6970
vn 0.2817 0.6921 0.6645
vn -0.0734 0.6539 0.7530
vn -0.6520 -0.7394 0.1678
vn 0.6379 -0.0158 0.7699
vn 0.8073 -0.0672 0.5862
vn -0.9247 0.0670 -0.3747
vn 0.7412 -0.0713 0.6674
vn -0.7498 -0.0133 -0.6615
vn 0.0338 -0.0789 0.9963
vn -0.0729 -0.0495 0.9961
vn -0.0299 0.0000 -0.9995
vn -0.1114 0.0171 -0.9936
vn 0.3474 0.0605 -0.9358
vn 0.0408 0.0392 -0.9984
vn -0.1131 -0.0851 0.9899
vn 0.1201 -0.0493 0.9915
vn -0.6241 0.0416 0.7802
vn -0.5215 -0.1085 0.8463
vn 1.0000 0.0000 0.0016
vn 0.8848 -0.0578 0.4624
vn -0.9080 0.0079 -0.4188
vn -0.0549 -0.0356 0.9978
vn 0.0625 0.0408 -0.9972
vn 0.1460 0.0432 -0.9883
vn 0.2308 0.3077 0.9231
vn 0.7689 -0.2300 0.5965
vn -0.1649 -0.1169 0.9793
vn 0.2013 -0.1061 0.9738
vn -0.3835 -0.0504 -0.9221
vn 0.0200 -0.1111 0.9936
vn 0.4619 -0.0488 0.8856
vn 0.7837 0.0137 -0.6210
vn 0.5349 -0.1528 0.8310
vn -0.0511 0.0583 -0.9970
vn -0.3934 0.0000 0.9193
vn -0.9622 -0.1218 -0.2437
vn -0.2045 -0.1055 0.9731
vn 0.8743 0.0000 -0.4853
vn -0.7135 -0.0294 0.7000
vn -0.9431 -0.0396 0.3301
vn -0.0161 0.0473 -0.9987
vn -0.0634 0.0546 -0.9965
vn -0.8512 0.5238 -0.0327
vn -0.9898 0.0000 -0.1425
vn -0.4204 0.0683 -0.9048
vn 0.0327 -0.0475 0.9983
vn -0.1595 0.0457 -0.9861
vn 0.6937 -0.0523 0.7183
vn 0.7131 -0.0370 0.7001
vn -0.1610 0.0207 -0.9867
vn -0.9568 -0.1252 0.2622
usemtl plastic_holder
s 1
f 1//1 2//2 50//3 49//4
f 2//2 3//5 51//6 50//3
f 3//5 4//7 52//8 51//6
f 4//7 5//9 53//10 52//8
f 5//9 6//11 54//12 53//10
f 6//11 7//13 55//14 54//12
f 7//13 8//15 56//16 55//14
f 8//15 9//17 57//18 56//16
f 9//17 10//19 58//20 57//18
f 10//19 11//21 59//22 58//20
f 11//21 12//23 60//24 59//22
f 12//23 13//25 61//26 60//24
f 13//25 14//27 62//28 61//26
f 14//27 15//29 63//30 62//28
f 15//29 16//31 64//32 63//30
f 16//31 17//33 65//34 64//32
f 17//33 18//35 66//36 65//34
f 18//35 19//37 67//38 66//36
f 19//37 20//39 68//40 67//38
f 20//39 21//41 69//42 68//40
f 21//41 22//43 70//44 69//42
f 22//43 23//45 71//46 70//44
f 23//45 24//47 72//48 71//46
f 24//47 25//49 73//50 72//48
f 25//49 26//51 74//52 73//50
f 26//51 27//53 75//54 74//52
f 27//53 28//55 76//56 75//54
f 28//55 29//57 77//58 76//56
f 29//57 30//59 78//60 77//58
f 30//59 31//61 79//62 78//60
f 31//61 32//63 80//64 79//62
f 32//63 33//65 81//66 80//64
f 33//65 34//67 82//68 81//66
f 34//67 35//69 83//70 82//68
f 35//69 36//71 84//72 83//70
f 36//71 37//73 85//74 84//72
f 37//73 38//75 86//76 85//74
f 38//75 39//77 87//78 86//76
f 39//77 40//79 88//80 87//78
f 40//79 41//81 89//82 88//80
f 41//81 42//83 90//84 89//82
f 42//83 43//85 91//86 90//84
f 43//85 44//87 92//88 91//86
f 44//87 45//89 93//90 92//88
f 45//89 46//91 94//92 93//90
f 46//91 47//93 95//94 94//92
f 47//93 48//95 96//96 95//94
f 1//1 49//4 96//96 48//95
f 49//4 50//3 98//97 97//98
f 50//3 51//6 99//99 98//97
f 51//6 52//8 100//100 99//99
f 52//8 53//10 101//101 100//100
f 53//10 54//12 102//102 101//101
f 54//12 55//14 103//103 102//102
f 55//14 56//16 104//104 103//103
f 56//16 57//18 105//105 104//104
f 57//18 58//20 106//106 105//105
f 58//20 59//22 107//107 106//106
f 59//22 60//24 108//108 107//107
f 60//24 61//26 109//109 108//108
f 61//26 62//28 110//110 109//109
f 62//28 63//30 111//111 110//110
f 63//30 64//32 112//112 111//111
f 64//32 65//34 113//113 112//112
f 65//34 66//36 114//114 113//113
f 66//36 67//38 115//115 114//114
f 67//38 68//40 116//116 115//115
f 68//40 69//42 117//117 116//116
f 69//42 70//44 118//118 117//117
f 70//44 71//46 119//119 118//118
f 71//46 72//48 120//120 119//119
f 72//48 73//50 121//121 120//120
f 73//50 74//52 122//122 121//121
f 74//52 75//54 123//123 122//122
f 75//54 76//56 124//124 123//123
f 76//56 77//58 125//125 124//124
f 77//58 78//60 126//126 125//125
f 78//60 79//62 127//127 126//126
f 79//62 80//64 128//128 127//127
f 80//64 81//66 129//129 128//128
f 81//66 82//68 130//130 129//129
f 82//68 83//70 131//131 130//130
f 83//70 84//72 132//132 131//131
f 84//72 85//74 133//133 132//132
f 85//74 86//76 134//134 133//133
f 86//76 87//78 135//135 134//134
f 87//78 88//80 136//136 135//135
f 88//80 89//82 137//137 136//136
f 89//82 90//84 138//138 137//137
f 90//84 91//86 139//139 138//138
f 91//86 92//88 140//140 139//139
f 92//88 93//90 141//141 140//140
f 93//90 94//92 142//142 141//141
f 94//92 95//94 143//143 142//142
f 95//94 96//96 144//144 143//143
f 96//96 49//4 97//98 144//144
f 97//98 98//97 146//145 145//146
f 98//97 99//99 147//147 146//145
f 99//99 100//100 148//148 147//147
f 100//100 101//101 149//149 148//148
f 101//101 102//102 150//150 149//149
f 102//102 103//103 151//151 150//150
f 103//103 104//104 152//152 151//151
f 104//104 105//105 153//153 152//152
f 105//105 106//106 154//154 153//153
f 106//106 107//107 155//155 154//154
f 107//107 108//108 156//156 155//155
f 108//108 109//109 157//157 156//156
f 109//109 110//110 158//158 157//157
f 110//110 111//111 159//159 158//158
f 111//111 112//112 160//160 159//159
f 112//112 113//113 161//161 160//160
f 113//113 114//114 162//162 161//161
f 114//114 115//115 163//163 162//162
f 115//115 116//116 164//164 163//163
f 116//116 117//117 165//165 164//164
f 117//117 118//118 166//166 165//165
f 118//118 119//119 167//167 166//166
f 119//119 120//120 168//168 167//167
f 120//120 121//121 169//169 168//168
f 121//121 122//122 170//170 169//169
f 122//122 123//123 171//171 170//170
f 123//123 124//124 172//172 171//171
f 124//124 125//125 173//173 172//172
f 125//125 126//126 174//174 173//173
f 126//126 127//127 175//175 174//174
f 127//127 128//128 176//176 175//175
f 128//128 129//129 177//177 176//176
f 129//129 130//130 178//178 177//177
f 130//130 131//131 179//179 178//178
f 131//131 132//132 180//180 179//179
f 132//132 133//133 181//181 180//180
f 133//133 134//134 182//182 181//181
f 134//134 135//135 183//183 182//182
f 135//135 136//136 184//184 183//183
f 136//136 137//137 185//185 184//184
f 137//137 138//138 186//186 185//185
f 138//138 139//139 187//187 186//186
f 139//139 140//140 188//188 187//187
f 140//140 141//141 189//189 188//188
f 141//141 142//142 190//190 189//189
f 142//142 143//143 191//191 190//190
f 143//143 144//144 192//192 191//191
f 144//144 97//98 145//146 192//192
f 145//146 146//145 194//193 193//194
f 146//145 147//147 195//195 194//193
f 147//147 148//148 196//196 195//195
f 148//148 149//149 197//197 196//196
f 149//149 150//150 198//198 197//197
f 150//150 151//151 199//199 198//198
f 151//151 152//152 200//200 199//199
f 152//152 153//153 201//201 200//200
f 153//153 154//154 202//202 201//201
f 154//154 155//155 203//203 202//202
f 155//155 156//156 204//204 203//203
f 156//156 157//157 205//205 204//204
f 157//157 158//158 206//206 205//205
f 158//158 159//159 207//207 206//206
f 159//159 160//160 208//208 207//207
f 160//160 161//161 209//209 208//208
f 161//161 162//162 210//210 209//209
f 162//162 163//163 211//211 210//210
f 163//163 164//164 212//212 211//211
f 164//164 165//165 213//213 212//212
f 165//165 166//166 214//214 213//213
f 166//166 167//167 215//215 214//214
f 167//167 168//168 216//216 215//215
f 168//168 169//169 217//217 216//216
f 169//169 170//170 218//218 217//217
f 170//170 171//171 219//219 218//218
f 171//171 172//172 220//220 219//219
f 172//172 173//173 221//221 220//220
f 173//173 174//174 222//222 221//221
f 174//174 175//175 223//223 222//222
f 175//175 176//176 224//224 223//223
f 176//176 177//177 225//225 224//224
f 177//177 178//178 226//226 225//225
f 178//178 179//179 227//227 226//226
f 179//179 180//180 228//228 227//227
f 180//180 181//181 229//229 228//228
f 181//181 182//182 230//230 229//229
f 182//182 183//183 231//231 230//230
f 183//183 184//184 232//232 231//231
f 184//184 185//185 233//233 232//232
f 185//185 186//186 234//234 233//233
f 186//186 187//187 235//235 234//234
f 187//187 188//188 236//236 235//235
f 188//188 189//189 237//237 236//236
f 189//189 190//190 238//238 237//237
f 190//190 191//191 239//239 238//238
f 191//191 192//192 240//240 239//239
f 192//192 145//146 193//194 240//240
f 193//194 194//193 242//241 241//242
f 194//193 195//195 243//243 242//241
f 195//195 196//196 244//244 243//243
f 196//196 197//197 245//245 244//244
f 197//197 198//198 246//246 245//245
f 198//198 199//199 247//247 246//246
f 199//199 200//200 248//248 247//247
f 200//200 201//201 249//249 248//248
f 201//201 202//202 250//250 249//249
f 202//202 203//203 251//251 250//250
f 203//203 204//204 252//252 251//251
f 204//204 205//205 253//253 252//252
f 205//205 206//206 254//254 253//253
f 206//206 207//207 255//255 254//254
f 207//207 208//208 256//256 255//255
f 208//208 209//209 257//257 256//256
f 209//209 210//210 258//258 257//257
f 210//210 211//211 259//259 258//258
f 211//211 212//212 260//260 259//259
f 212//212 213//213 261//261 260//260
f 213//213 214//214 262//262 261//261
f 214//214 215//215 263//263 262//262
f 215//215 216//216 264//264 263//263
f 216//216 217//217 265//265 264//264
f 217//217 218//218 266//266 265//265
f 218//218 219//219 267//267 266//266
f 219//219 220//220 268//268 267//267
f 220//220 221//221 269//269 268//268
f 221//221 222//222 270//270 269//269
f 222//222 223//223 271//271 270//270
f 223//223 224//224 272//272 271//271
f 224//224 225//225 273//273 272//272
f 225//225 226//226 274//274 273//273
f 226//226 227//227 275//275 274//274
f 227//227 228//228 276//276 275//275
f 228//228 229//229 277//229 276//276
f 229//229 230//230 278//277 277//229
f 230//230 231//231 279//278 278//277
f 231//231 232//232 280//279 279//278
f 232//232 233//233 281//280 280//279
f 233//233 234//234 282//281 281//280
f 234//234 235//235 283//282 282//281
f 235//235 236//236 284//283 283//282
f 236//236 237//237 285//284 284//283
f 237//237 238//238 286//285 285//284
f 238//238 239//239 287//286 286//285
f 239//239 240//240 288//287 287//286
f 240//240 193//194 241//242 288//287
f 241//242 242//241 290//288 289//289
f 242//241 243//243 291//290 290//288
f 243//243 244//244 292//291 291//290
f 244//244 245//245 293//292 292//291
f 245//245 246//246 294//293 293//292
f 246//246 247//247 295//294 294//293
f 247//247 248//248 296//295 295//294
f 248//248 249//249 297//296 296//295
f 249//249 250//250 298//297 297//296
f 250//250 251//251 299//298 298//297
f 251//251 252//252 300//299 299//298
f 252//252 253//253 301//300 300//299
f 253//253 254//254 302//301 301//300
f 254//254 255//255 303//302 302//301
f 255//255 256//256 304//303 303//302
f 256//256 257//257 305//304 304//303
f 257//257 258//258 306//305 305//304
f 258//258 259//259 307//306 306//305
f 259//259 260//260 308//307 307//306
f 260//260 261//261 309//308 308//307
f 261//261 262//262 310//309 309//308
f 262//262 263//263 311//310 310//309
f 263//263 264//264 312//311 311//310
f 264//264 265//265 313//312 312//311
f 265//265 266//266 314//313 313//312
f 266//266 267//267 315//314 314//313
f 267//267 268//268 316//315 315//314
f 268//268 269//269 317//316 316//315
f 269//269 270//270 318//317 317//316
f 270//270 271//271 319//318 318//317
f 271//271 272//272 320//319 319//318
f 272//272 273//273 321//320 320//319
f 273//273 274//274 322//321 321//320
f 274//274 275//275 323//322 322//321
f 275//275 276//276 324//323 323//322
f 276//276 277//229 325//324 324//323
f 277//229 278//277 326//325 325//324
f 278//277 279//278 327//326 326//325
f 279//278 280//279 328//327 327//326
f 280//279 281//280 329//328 328//327
f 281//280 282//281 330//329 329//328
f 282//281 283//282 331//330 330//329
f 283//282 284//283 332//331 331//330
f 284//283 285//284 333//332 332//331
f 285//284 286//285 334//333 333//332
f 286//285 287//286 335//334 334//333
f 287//286 288//287 336//335 335//334
f 288//287 241//242 289//289 336//335
f 289//289 290//288 338//336 337//337
f 290//288 291//290 339//338 338//336
f 291//290 292//291 340//339 339//338
f 292//291 293//292 341//340 340//339
f 293//292 294//293 342//341 341//340
f 294//293 295//294 343//342 342//341
f 295//294 296//295 344//343 343//342
f 296//295 297//296 345//344 344//343
f 297//296 298//297 346//345 345//344
f 298//297 299//298 347//346 346//345
f 299//298 300//299 348//347 347//346
f 300//299 301//300 349//348 348//347
f 301//300 302//301 350//349 349//348
f 302//301 303//302 351//350 350//349
f 303//302 304//303 352//351 351//350
f 304//303 305//304 353//352 352//351
f 305//304 306//305 354//353 353//352
f 306//305 307//306 355//354 354//353
f 307//306 308//307 356//355 355//354
f 308//307 309//308 357//356 356//355
f 309//308 310//309 358//357 357//356
f 310//309 311//310 359//358 358//357
f 311//310 312//311 360//359 359//358
f 312//311 313//312 361//360 360//359
f 313//312 314//313 362//361 361//360
f 314//313 315//314 363//362 362//361
f 315//314 316//315 364//363 363//362
f 316//315 317//316 365//364 364//363
f 317//316 318//317 366//365 365//364
f 318//317 319//318 367//366 366//365
f 319//318 320//319 368//367 367//366
f 320//319 321//320 369//368 368//367
f 321//320 322//321 370//369 369//368
f 322//321 323//322 371//370 370//369
f 323//322 324//323 372//371 371//370
f 324//323 325//324 373//372 372//371
f 325//324 326//325 374//373 373//372
f 326//325 327//326 375//374 374//373
f 327//326 328//327 376//375 375//374
f 328//327 329//328 377//376 376//375
f 329//328 330//329 378//377 377//376
f 330//329 331//330 379//378 378//377
f 331//330 332//331 380//379 379//378
f 332//331 333//332 381//380 380//379
f 333//332 334//333 382//381 381//380
f 334//333 335//334 383//382 382//381
f 335//334 336//335 384//383 383//382
f 336//335 289//289 337//337 384//383
f 337//337 338//336 386//384 385//385
f 338//336 339//338 387//386 386//384
f 339//338 340//339 388//387 387//386
f 340//339 341//340 389//388 388//387
f 341//340 342//341 390//389 389//388
f 342//341 343//342 391//390 390//389
f 343//342 344//343 392//391 391//390
f 344//343 345//344 393//392 392//391
f 345//344 346//345 394//393 393//392
f 346//345 347//346 395//394 394//393
f 347//346 348//347 396//395 395//394
f 348//347 349//348 397//396 396//395
f 349//348 350//349 398//397 397//396
f 350//349 351//350 399//398 398//397
f 351//350 352//351 400//399 399//398
f 352//351 353//352 401//400 400//399
f 353//352 354//353 402//401 401//400
f 354//353 355//354 403//402 402//401
f 355//354 356//355 404//403 403//402
f 356//355 357//356 405//404 404//403
f 357//356 358//357 406//405 405//404
f 358//357 359//358 407//406 406//405
f 359//358 360//359 408//407 407//406
f 360//359 361//360 409//408 408//407
f 361//360 362//361 410//409 409//408
f 362//361 363//362 411//410 410//409
f 363//362 364//363 412//411 411//410
f 364//363 365//364 413//412 412//411
f 365//364 366//365 414//413 413//412
f 366//365 367//366 415//414 414//413
f 367//366 368//367 416//415 415//414
f 368//367 369//368 417//416 416//415
f 369//368 370//369 418//417 417//416
f 370//369 371//370 419//418 418//417
f 371//370 372//371 420//419 419//418
f 372//371 373//372 421//420 420//419
f 373//372 374//373 422//421 421//420
f 374//373 375//374 423//422 422//421
f 375//374 376//375 424//423 423//422
f 376//375 377//376 425//424 424//423
f 377//376 378//377 426//425 425//424
f 378//377 379//378 427//426 426//425
f 379//378 380//379 428//427 427//426
f 380//379 381//380 429//428 428//427
f 381//380 382//381 430//429 429//428
f 382//381 383//382 431//430 430//429
f 383//382 384//383 432//431 431//430
f 384//383 337//337 385//385 432//431
f 385//385 386//384 434//432 433//433
f 386//384 387//386 435//434 434//432
f 387//386 388//387 436//435 435//434
f 388//387 389//388 437//436 436//435
f 389//388 390//389 438//437 437//436
f 390//389 391//390 439//438 438//437
f 391//390 392//391 440//439 439//438
f 392//391 393//392 441//440 440//439
f 393//392 394//393 442//441 441//440
f 394//393 395//394 443//442 442//441
f 395//394 396//395 444//443 443//442
f 396//395 397//396 445//444 444//443
f 397//396 398//397 446//445 445//444
f 398//397 399//398 447//446 446//445
f 399//398 400//399 448//447 447//446
f 400//399 401//400 449//448 448//447
f 401//400 402//401 450//449 449//448
f 402//401 403//402 451//450 450//449
f 403//402 404//403 452//451 451//450
f 404//403 405//404 453//452 452//451
f 405//404 406//405 454//453 453//452
f 406//405 407//406 455//454 454//453
f 407//406 408//407 456//455 455//454
f 408//407 409//408 457//456 456//455
f 409//408 410//409 458//457 457//456
f 410//409 411//410 459//458 458//457
f 411//410 412//411 460//459 459//458
f 412//411 413//412 461//460 460//459
f 413//412 414//413 462//461 461//460
f 414//413 415//414 463//462 462//461
f 415//414 416//415 464//463 463//462
f 416//415 417//416 465//464 464//463
f 417//416 418//417 466//465 465//464
f 418//417 419//418 467//466 466//465
f 419//418 420//419 468//467 467//466
f 420//419 421//420 469//468 468//467
f 421//420 422//421 470//469 469//468
f 422//421 423//422 471//470 470//469
f 423//422 424//423 472//471 471//470
f 424//423 425//424 473//472 472//471
f 425//424 426//425 474//473 473//472
f 426//425 427//426 475//474 474//473
f 427//426 428//427 476//475 475//474
f 428//427 429//428 477//476 476//475
f 429//428 430//429 478//477 477//476
f 430//429 431//430 479//478 478//477
f 431//430 432//431 480//479 479//478
f 432//431 385//385 433//433 480//479
f 433//433 434//432 482//480 481//481
f 434//432 435//434 483//482 482//480
f 435//434 436//435 484//483 483//482
f 436//435 437//436 485//484 484//483
f 437//436 438//437 486//485 485//484
f 438//437 439//438 487//486 486//485
f 439//438 440//439 488//487 487//486
f 440//439 441//440 489//488 488//487
f 441//440 442//441 490//489 489//488
f 442//441 443//442 491//490 490//489
f 443//442 444//443 492//491 491//490
f 444//443 445//444 493//492 492//491
f 445//444 446//445 494//493 493//492
f 446//445 447//446 495//494 494//493
f 447//446 448//447 496//495 495//494
f 448//447 449//448 497//496 496//495
f 449//448 450//449 498//497 497//496
f 450//449 451//450 499//498 498//497
f 451//450 452//451 500//499 499//498
f 452//451 453//452 501//500 500//499
f 453//452 454//453 502//501 501//500
f 454//453 455//454 503//502 502//501
f 455//454 456//455 504//503 503//502
f 456//455 457//456 505//504 504//503
f 457//456 458//457 506//505 505//504
f 458//457 459//458 507//506 506//505
f 459//458 460//459 508//507 507//506
f 460//459 461//460 509//508 508//507
f 461//460 462//461 510//509 509//508
f 462//461 463//462 511//510 510//509
f 463//462 464//463 512//511 511//510
f 464//463 465//464 513//512 512//511
f 465//464 466//465 514//513 513//512
f 466//465 467//466 515//514 514//513
f 467//466 468//467 516//515 515//514
f 468//467 469//468 517//516 516//515
f 469//468 470//469 518//517 517//516
f 470//469 471//470 519//518 518//517
f 471//470 472//471 520//519 519//518
f 472//471 473//472 521//520 520//519
f 473//472 474//473 522//521 521//520
f 474//473 475//474 523//522 522//521
f 475//474 476//475 524//523 523//522
f 476//475 477//476 525//524 524//523
f 477//476 478//477 526//525 525//524
f 478//477 479//478 527//526 526//525
f 479//478 480//479 528//527 527//526
f 480//479 433//433 481//481 528//527
f 481//481 482//480 530//528 529//529
f 482//480 483//482 531//530 530//528
f 483//482 484//483 532//531 531//530
f 484//483 485//484 533//532 532//531
f 485//484 486//485 534//533 533//532
f 486//485 487//486 535//534 534//533
f 487//486 488//487 536//535 535//534
f 488//487 489//488 537//536 536//535
f 489//488 490//489 538//537 537//536
f 490//489 491//490 539//538 538//537
f 491//490 492//491 540//539 539//538
f 492//491 493//492 541//540 540//539
f 493//492 494//493 542//541 541//540
f 494//493 495//494 543//542 542//541
f 495//494 496//495 544//543 543//542
f 496//495 497//496 545//544 544//543
f 497//496 498//497 546//545 545//544
f 498//497 499//498 547//546 546//545
f 499//498 500//499 548//547 547//546
f 500//499 501//500 549//548 548//547
f 501//500 502//501 550//549 549//548
f 502//501 503//502 551//550 550//549
f 503//502 504//503 552//551 551//550
f 504//503 505//504 553//552 552//551
f 505//504 506//505 554//553 553//552
f 506//505 507//506 555//554 554//553
f 507//506 508//507 556//555 555//554
f 508//507 509//508 557//556 556//555
f 509//508 510//509 558//557 557//556
f 510//509 511//510 559//558 558//557
f 511//510 512//511 560//559 559//558
f 512//511 513//512 561//560 560//559
f 513//512 514//513 562//561 561//560
f 514//513 515//514 563//562 562//561
f 515//514 516//515 564//563 563//562
f 516//515 517//516 565//564 564//563
f 517//516 518//517 566//565 565//564
f 518//517 519//518 567//566 566//565
f 519//518 520//519 568//567 567//566
f 520//519 521//520 569//568 568//567
f 521//520 522//521 570//569 569//568
f 522//521 523//522 571//570 570//569
f 523//522 524//523 572//571 571//570
f 524//523 525//524 573//572 572//571
f 525//524 526//525 574//573 573//572
f 526//525 527//526 575//574 574//573
f 527//526 528//527 576//575 575//574
f 528//527 481//481 529//529 576//575
f 529//529 530//528 578//576 577//577
f 530//528 531//530 579//578 578//576
f 531//530 532//531 580//579 579//578
f 532//531 533//532 581//580 580//579
f 533//532 534//533 582//581 581//580
f 534//533 535//534 583//582 582//581
f 535//534 536//535 584//583 583//582
f 536//535 537//536 585//584 584//583
f 537//536 538//537 586//585 585//584
f 538//537 539//538 587//586 586//585
f 539//538 540//539 588//587 587//586
f 540//539 541//540 589//588 588//587
f 541//540 542//541 590//589 589//588
f 542//541 543//542 591//590 590//589
f 543//542 544//543 592//591 591//590
f 544//543 545//544 593//592 592//591
f 545//544 546//545 594//593 593//592
f 546//545 547//546 595//594 594//593
f 547//546 548//547 596//595 595//594
f 548//547 549//548 597//596 596//595
f 549//548 550//549 598//597 597//596
f 550//549 551//550 599//598 598//597
f 551//550 552//551 600//599 599//598
f 552//551 553//552 601//600 600//599
f 553//552 554//553 602//601 601//600
f 554//553 555//554 603//602 602//601
f 555//554 556//555 604//603 603//602
f 556//555 557//556 605//604 604//603
f 557//556 558//557 606//605 605//604
f 558//557 559//558 607//606 606//605
f 559//558 560//559 608//607 607//606
f 560//559 561//560 609//608 608//607
f 561//560 562//561 610//609 609//608
f 562//561 563//562 611//610 610//609
f 563//562 564//563 612//611 611//610
f 564//563 565//564 613//612 612//611
f 565//564 566//565 614//613 613//612
f 566//565 567//566 615//614 614//613
f 567//566 568//567 616//615 615//614
f 568//567 569//568 617//616 616//615
f 569//568 570//569 618//617 617//616
f 570//569 571//570 619//618 618//617
f 571//570 572//571 620//619 619//618
f 572//571 573//572 621//620 620//619
f 573//572 574//573 622//621 621//620
f 574//573 575//574 623//622 622//621
f 575//574 576//575 624//623 623//622
f 576//575 529//529 577//577 624//623
f 577//577 578//576 626//624 625//625
f 578//576 579//578 627//626 626//624
f 579//578 580//579 628//627 627//626
f 580//579 581//580 629//628 628//627
f 581//580 582//581 630//629 629//628
f 582//581 583//582 631//630 630//629
f 583//582 584//583 632//631 631//630
f 584//583 585//584 633//632 632//631
f 585//584 586//585 634//633 633//632
f 586//585 587//586 635//634 634//633
f 587//586 588//587 636//635 635//634
f 588//587 589//588 637//636 636//635
f 589//588 590//589 638//637 637//636
f 590//589 591//590 639//638 638//637
f 591//590 592//591 640//639 639//638
f 592//591 593//592 641//640 640//639
f 593//592 594//593 642//641 641//640
f 594//593 595//594 643//642 642//641
f 595//594 596//595 644//643 643//642
f 596//595 597//596 645//644 644//643
f 597//596 598//597 646//645 645//644
f 598//597 599//598 647//646 646//645
f 599//598 600//599 648//647 647//646
f 600//599 601//600 649//648 648//647
f 601//600 602//601 650//649 649//648
f 602//601 603//602 651//650 650//649
f 603//602 604//603 652//651 651//650
f 604//603 605//604 653//652 652//651
f 605//604 606//605 654//653 653//652
f 606//605 607//606 655//654 654//653
f 607//606 608//607 656//655 655//654
f 608//607 609//608 657//656 656//655
f 609//608 610//609 658//657 657//656
f 610//609 611//610 659//658 658//657
f 611//610 612//611 660//659 659//658
f 612//611 613//612 661//660 660//659
f 613//612 614//613 662//661 661//660
f 614//613 615//614 663//662 662//661
f 615//614 616//615 664//663 663//662
f 616//615 617//616 665//664 664//663
f 617//616 618//617 666//665 665//664
f 618//617 619//618 667//666 666//665
f 619//618 620//619 668//667 667//666
f 620//619 621//620 669//668 668//667
f 621//620 622//621 670//669 669//668
f 622//621 623//622 671//670 670//669
f 623//622 624//623 672//671 671//670
f 624//623 577//577 625//625 672//671
f 625//625 626//624 674//672 673//673
f 626//624 627//626 675//674 674//672
f 627//626 628//627 676//675 675//674
f 628//627 629//628 677//676 676//675
f 629//628 630//629 678//677 677//676
f 630//629 631//630 679//678 678//677
f 631//630 632//631 680//679 679//678
f 632//631 633//632 681//680 680//679
f 633//632 634//633 682//681 681//680
f 634//633 635//634 683//682 682//681
f 635//634 636//635 684//683 683//682
f 636//635 637//636 685//684 684//683
f 637//636 638//637 686//685 685//684
f 638//637 639//638 687//686 686//685
f 639//638 640//639 688//687 687//686
f 640//639 641//640 689//688 688//687
f 641//640 642//641 690//689 689//688
f 642//641 643//642 691//690 690//689
f 643//642 644//643 692//691 691//690
f 644//643 645//644 693//692 692//691
f 645//644 646//645 694//693 693//692
f 646//645 647//646 695//694 694//693
f 647//646 648//647 696//695 695//694
f 648//647 649//648 697//696 696//695
f 649//648 650//649 698//697 697//696
f 650//649 651//650 699//698 698//697
f 651//650 652//651 700//699 699//698
f 652//651 653//652 701//700 700//699
f 653//652 654//653 702//701 701//700
f 654//653 655//654 703//702 702//701
f 655//654 656//655 704//703 703//702
f 656//655 657//656 705//704 704//703
f 657//656 658//657 706//705 705//704
f 658//657 659//658 707//706 706//705
f 659//658 660//659 708//707 707//706
f 660//659 661//660 709//708 708//707
f 661//660 662//661 710//709 709//708
f 662//661 663//662 711//710 710//709
f 663//662 664//663 712//711 711//710
f 664//663 665//664 713//712 712//711
f 665//664 666//665 714//713 713//712
f 666//665 667//666 715//714 714//713
f 667//666 668//667 716//715 715//714
f 668//667 669//668 717//716 716//715
f 669//668 670//669 718//717 717//716
f 670//669 671//670 719//718 718//717
f 671//670 672//671 720//719 719//718
f 672//671 625//625 673//673 720//719
f 673//673 674//672 722//720 721//721
f 674//672 675//674 723//722 722//720
f 675//674 676//675 724//723 723//722
f 676//675 677//676 725//724 724//723
f 677//676 678//677 726//725 725//724
f 678//677 679//678 727//726 726//725
f 679//678 680//679 728//727 727//726
f 680//679 681//680 729//728 728//727
f 681//680 682//681 730//729 729//728
f 682//681 683//682 731//730 730//729
f 683//682 684//683 732//731 731//730
f 684//683 685//684 733//732 732//731
f 685//684 686//685 734//733 733//732
f 686//685 687//686 735//734 734//733
f 687//686 688//687 736//735 735//734
f 688//687 689//688 737//736 736//735
f 689//688 690//689 738//737 737//736
f 690//689 691//690 739//738 738//737
f 691//690 692//691 740//739 739//738
f 692//691 693//692 741//740 740//739
f 693//692 694//693 742//741 741//740
f 694//693 695//694 743//742 742//741
f 695//694 696//695 744//743 743//742
f 696//695 697//696 745//744 744//743
f 697//696 698//697 746//745 745//744
f 698//697 699//698 747//746 746//745
f 699//698 700//699 748//747 747//746
f 700//699 701//700 749//748 748//747
f 701//700 702//701 750//749 749//748
f 702//701 703//702 751//750 750//749
f 703//702 704//703 752//751 751//750
f 704//703 705//704 753//752 752//751
f 705//704 706//705 754//753 753//752
f 706//705 707//706 755//754 754//753
f 707//706 708//707 756//755 755//754
f 708//707 709//708 757//708 756//755
f 709//708 710//709 758//756 757//708
f 710//709 711//710 759//757 758//756
f 711//710 712//711 760//758 759//757
f 712//711 713//712 761//759 760//758
f 713//712 714//713 762//760 761//759
f 714//713 715//714 763//761 762//760
f 715//714 716//715 764//762 763//761
f 716//715 717//716 765//763 764//762
f 717//716 718//717 766//764 765//763
f 718//717 719//718 767//765 766//764
f 719//718 720//719 768//766 767//765
f 720//719 673//673 721//721 768//766
f 721//721 722//720 770//767 769//768
f 722//720 723//722 771//769 770//767
f 723//722 724//723 772//770 771//769
f 724//723 725//724 773//771 772//770
f 725//724 726//725 774//772 773//771
f 726//725 727//726 775//773 774//772
f 727//726 728//727 776//774 775//773
f 728//727 729//728 777//775 776//774
f 729//728 730//729 778//776 777//775
f 730//729 731//730 779//777 778//776
f 731//730 732//731 780//778 779//777
f 732//731 733//732 781//732 780//778
f 733//732 734//733 782//779 781//732
f 734//733 735//734 783//780 782//779
f 735//734 736//735 784//781 783//780
f 736//735 737//736 785//782 784//781
f 737//736 738//737 786//783 785//782
f 738//737 739//738 787//784 786//783
f 739//738 740//739 788//785 787//784
f 740//739 741//740 789//786 788//785
f 741//740 742//741 790//787 789//786
f 742//741 743//742 791//788 790//787
f 743//742 744//743 792//789 791//788
f 744//743 745//744 793//790 792//789
f 745//744 746//745 794//791 793//790
f 746//745 747//746 795//792 794//791
f 747//746 748//747 796//793 795//792
f 748//747 749//748 797//794 796//793
f 749//748 750//749 798//795 797//794
f 750//749 751//750 799//796 798//795
f 751//750 752//751 800//797 799//796
f 752//751 753//752 801//798 800//797
f 753//752 754//753 802//799 801//798
f 754//753 755//754 803//800 802//799
f 755//754 756//755 804//801 803//800
f 756//755 757//708 805//802 804//801
f 757//708 758//756 806//803 805//802
f 758//756 759//757 807//804 806//803
f 759//757 760//758 808//805 807//804
f 760//758 761//759 809//806 808//805
f 761//759 762//760 810//807 809//806
f 762//760 763//761 811//808 810//807
f 763//761 764//762 812//809 811//808
f 764//762 765//763 813//810 812//809
f 765//763 766//764 814//811 813//810
f 766//764 767//765 815//812 814//811
f 767//765 768//766 816//813 815//812
f 768//766 721//721 769//768 816//813
f 769//768 770//767 818//814 817//815
f 770//767 771//769 819//816 818//814
f 771//769 772//770 820//817 819//816
f 772//770 773//771 821//818 820//817
f 773//771 774//772 822//819 821//818
f 774//772 775//773 823//820 822//819
f 775//773 776//774 824//821 823//820
f 776//774 777//775 825//822 824//821
f 777//775 778//776 826//823 825//822
f 778//776 779//777 827//824 826//823
f 779//777 780//778 828//825 827//824
f 780//778 781//732 829//826 828//825
f 781//732 782//779 830//827 829//826
f 782//779 783//780 831//828 830//827
f 783//780 784//781 832//829 831//828
f 784//781 785//782 833//830 832//829
f 785//782 786//783 834//831 833//830
f 786//783 787//784 835//832 834//831
f 787//784 788//785 836//833 835//832
f 788//785 789//786 837//834 836//833
f 789//786 790//787 838//835 837//834
f 790//787 791//788 839//836 838//835
f 791//788 792//789 840//837 839//836
f 792//789 793//790 841//838 840//837
f 793//790 794//791 842//839 841//838
f 794//791 795//792 843//840 842//839
f 795//792 796//793 844//841 843//840
f 796//793 797//794 845//842 844//841
f 797//794 798//795 846//843 845//842
f 798//795 799//796 847//844 846//843
f 799//796 800//797 848//845 847//844
f 800//797 801//798 849//846 848//845
f 801//798 802//799 850//847 849//846
f 802//799 803//800 851//848 850//847
f 803//800 804//801 852//849 851//848
f 804//801 805//802 853//850 852//849
f 805//802 806//803 854//851 853//850
f 806//803 807//804 855//852 854//851
f 807//804 808//805 856//853 855//852
f 808//805 809//806 857//854 856//853
f 809//806 810//807 858//855 857//854
f 810//807 811//808 859//856 858//855
f 811//808 812//809 860//857 859//856
f 812//809 813//810 861//858 860//857
f 813//810 814//811 862//859 861//858
f 814//811 815//812 863//860 862//859
f 815//812 816//813 864//861 863//860
f 816//813 769//768 817//815 864//861
f 817//815 818//814 866//862 865//863
f 818//814 819//816 867//864 866//862
f 819//816 820//817 868//865 867//864
f 820//817 821//818 869//866 868//865
f 821//818 822//819 870//867 869//866
f 822//819 823//820 871//868 870//867
f 823//820 824//821 872//869 871//868
f 824//821 825//822 873//870 872//869
f 825//822 826//823 874//871 873//870
f 826//823 827//824 875//872 874//871
f 827//824 828//825 876//873 875//872
f 828//825 829//826 877//874 876//873
f 829//826 830//827 878//875 877//874
f 830//827 831//828 879//876 878//875
f 831//828 832//829 880//877 879//876
f 832//829 833//830 881//878 880//877
f 833//830 834//831 882//879 881//878
f 834//831 835//832 883//880 882//879
f 835//832 836//833 884//881 883//880
f 836//833 837//834 885//882 884//881
f 837//834 838//835 886//883 885//882
f 838//835 839//836 887//884 886//883
f 839//836 840//837 888//885 887//884
f 840//837 841//838 889//886 888//885
f 841//838 842//839 890//887 889//886
f 842//839 843//840 891//888 890//887
f 843//840 844//841 892//889 891//888
f 844//841 845//842 893//890 892//889
f 845//842 846//843 894//891 893//890
f 846//843 847//844 895//892 894//891
f 847//844 848//845 896//893 895//892
f 848//845 849//846 897//894 896//893
f 849//846 850//847 898//895 897//894
f 850//847 851//848 899//896 898//895
f 851//848 852//849 900//897 899//896
f 852//849 853//850 901//898 900//897
f 853//850 854//851 902//899 901//898
f 854//851 855//852 903//900 902//899
f 855//852 856//853 904//901 903//900
f 856//853 857//854 905//902 904//901
f 857//854 858//855 906//903 905//902
f 858//855 859//856 907//904 906//903
f 859//856 860//857 908//905 907//904
f 860//857 861//858 909//906 908//905
f 861//858 862//859 910//907 909//906
f 862//859 863//860 911//908 910//907
f 863//860 864//861 912//909 911//908
f 864//861 817//815 865//863 912//909
f 865//863 866//862 914//910 913//911
f 866//862 867//864 915//912 914//910
f 867//864 868//865 916//913 915//912
f 868//865 869//866 917//914 916//913
f 869//866 870//867 918//915 917//914
f 870//867 871//868 919//916 918//915
f 871//868 872//869 920//917 919//916
f 872//869 873//870 921//918 920//917
f 873//870 874//871 922//919 921//918
f 874//871 875//872 923//920 922//919
f 875//872 876//873 924//921 923//920
f 876//873 877//874 925//922 924//921
f 877//874 878//875 926//923 925//922
f 878//875 879//876 927//924 926//923
f 879//876 880//877 928//925 927//924
f 880//877 881//878 929//926 928//925
f 881//878 882//879 930//927 929//926
f 882//879 883//880 931//928 930//927
f 883//880 884//881 932//929 931//928
f 884//881 885//882 933//930 932//929
f 885//882 886//883 934//931 933//930
f 886//883 887//884 935//932 934//931
f 887//884 888//885 936//933 935//932
f 888//885 889//886 937//934 936//933
f 889//886 890//887 938//935 937//934
f 890//887 891//888 939//936 938//935
f 891//888 892//889 940//937 939//936
f 892//889 893//890 941//938 940//937
f 893//890 894//891 942//939 941//938
f 894//891 895//892 943//940 942//939
f 895//892 896//893 944//941 943//940
f 896//893 897//894 945//942 944//941
f 897//894 898//895 946//943 945//942
f 898//895 899//896 947//944 946//943
f 899//896 900//897 948//945 947//944
f 900//897 901//898 949//946 948//945
f 901//898 902//899 950//947 949//946
f 902//899 903//900 951//948 950//947
f 903//900 904//901 952//949 951//948
f 904//901 905//902 953//950 952//949
f 905//902 906//903 954//951 953//950
f 906//903 907//904 955//952 954//951
f 907//904 908//905 956//953 955//952
f 908//905 909//906 957//954 956//953
f 909//906 910//907 958//955 957//954
f 910//907 911//908 959//956 958//955
f 911//908 912//909 960//957 959//956
f 912//909 865//863 913//911 960//957
f 913//911 914//910 962//958 961//959
f 914//910 915//912 963//960 962//958
f 915//912 916//913 964//961 963//960
f 916//913 917//914 965//962 964//961
f 917//914 918//915 966//963 965//962
f 918//915 919//916 967//964 966//963
f 919//916 920//917 968//965 967//964
f 920//917 921//918 969//966 968//965
f 921//918 922//919 970//967 969//966
f 922//919 923//920 971//968 970//967
f 923//920 924//921 972//969 971//968
f 924//921 925//922 973//970 972//969
f 925//922 926//923 974//971 973//970
f 926//923 927//924 975//972 974//971
f 927//924 928//925 976//973 975//972
f 928//925 929//926 977//974 976//973
f 929//926 930//927 978//975 977//974
f 930//927 931//928 979//976 978//975
f 931//928 932//929 980//977 979//976
f 932//929 933//930 981//978 980//977
f 933//930 934//931 982//979 981//978
f 934//931 935//932 983//980 982//979
f 935//932 936//933 984//981 983//980
f 936//933 937//934 985//982 984//981
f 937//934 938//935 986//983 985//982
f 938//935 939//936 987//984 986//983
f 939//936 940//937 988//985 987//984
f 940//937 941//938 989//986 988//985
f 941//938 942//939 990//987 989//986
f 942//939 943//940 991//988 990//987
f 943//940 944//941 992//989 991//988
f 944//941 945//942 993//990 992//989
f 945//942 946//943 994//991 993//990
f 946//943 947//944 995//992 994//991
f 947//944 948//945 996//993 995//992
f 948//945 949//946 997//946 996//993
f 949//946 950//947 998//994 997//946
f 950//947 951//948 999//995 998//994
f 951//948 952//949 1000//996 999//995
f 952//949 953//950 1001//997 1000//996
f 953//950 954//951 1002//998 1001//997
f 954//951 955//952 1003//999 1002//998
f 955//952 956//953 1004//1000 1003//999
f 956//953 957//954 1005//1001 1004//1000
f 957//954 958//955 1006//1002 1005//1001
f 958//955 959//956 1007//1003 1006//1002
f 959//956 960//957 1008//1004 1007//1003
f 960//957 913//911 961//959 1008//1004
f 961//959 962//958 1010//1005 1009//1006
f 962//958 963//960 1011//1007 1010//1005
f 963//960 964//961 1012//1008 1011//1007
f 964//961 965//962 1013//1009 1012//1008
f 965//962 966//963 1014//1010 1013//1009
f 966//963 967//964 1015//1011 1014//1010
f 967//964 968//965 1016//1012 1015//1011
f 968//965 969//966 1017//1013 1016//1012
f 969//966 970//967 1018//1014 1017//1013
f 970//967 971//968 1019//1015 1018//1014
f 971//968 972//969 1020//1016 1019//1015
f 972//969 973//970 1021//970 1020//1016
f 973//970 974//971 1022//1017 1021//970
f 974//971 975//972 1023//1018 1022//1017
f 975//972 976//973 1024//1019 1023//1018
f 976//973 977//974 1025//1020 1024//1019
f 977//974 978//975 1026//1021 1025//1020
f 978//975 979//976 1027//1022 1026//1021
f 979//976 980//977 1028//1023 1027//1022
f 980//977 981//978 1029//1024 1028//1023
f 981//978 982//979 1030//1025 1029//1024
f 982//979 983//980 1031//1026 1030//1025
f 983//980 984//981 1032//1027 1031//1026
f 984//981 985//982 1033//1028 1032//1027
f 985//982 986//983 1034//1029 1033//1028
f 986//983 987//984 1035//1030 1034//1029
f 987//984 988//985 1036//1031 1035//1030
f 988//985 989//986 1037//1032 1036//1031
f 989//986 990//987 1038//1033 1037//1032
f 990//987 991//988 1039//1034 1038//1033
f 991//988 992//989 1040//1035 1039//1034
f 992//989 993//990 1041//1036 1040//1035
f 993//990 994//991 1042//1037 1041//1036
f 994//991 995//992 1043//1038 1042//1037
f 995//992 996//993 1044//1039 1043//1038
f 996//993 997//946 1045//1040 1044//1039
f 997//946 998//994 1046//1041 1045//1040
f 998//994 999//995 1047//1042 1046//1041
f 999//995 1000//996 1048//1043 1047//1042
f 1000//996 1001//997 1049//1044 1048//1043
f 1001//997 1002//998 1050//1045 1049//1044
f 1002//998 1003//999 1051//1046 1050//1045
f 1003//999 1004//1000 1052//1047 1051//1046
f 1004//1000 1005//1001 1053//1048 1052//1047
f 1005//1001 1006//1002 1054//1049 1053//1048
f 1006//1002 1007//1003 1055//1050 1054//1049
f 1007//1003 1008//1004 1056//1051 1055//1050
f 1008//1004 961//959 1009//1006 1056//1051
f 1009//1006 1010//1005 1058//1052 1057//1053
f 1010//1005 1011//1007 1059//1054 1058//1052
f 1011//1007 1012//1008 1060//1055 1059//1054
f 1012//1008 1013//1009 1061//1056 1060//1055
f 1013//1009 1014//1010 1062//1057 1061//1056
f 1014//1010 1015//1011 1063//1058 1062//1057
f 1015//1011 1016//1012 1064//1059 1063//1058
f 1016//1012 1017//1013 1065//1060 1064//1059
f 1017//1013 1018//1014 1066//1061 1065//1060
f 1018//1014 1019//1015 1067//1062 1066//1061
f 1019//1015 1020//1016 1068//1063 1067//1062
f 1020//1016 1021//970 1069//1064 1068//1063
f 1021//970 1022//1017 1070//1065 1069//1064
f 1022//1017 1023//1018 1071//1066 1070//1065
f 1023//1018 1024//1019 1072//1067 1071//1066
f 1024//1019 1025//1020 1073//1068 1072//1067
f 1025//1020 1026//1021 1074//1069 1073//1068
f 1026//1021 1027//1022 1075//1070 1074//1069
f 1027//1022 1028//1023 1076//1071 1075//1070
f 1028//1023 1029//1024 1077//1072 1076//1071
f 1029//1024 1030//1025 1078//1073 1077//1072
f 1030//1025 1031//1026 1079//1074 1078//1073
f 1031//1026 1032//1027 1080//1075 1079//1074
f 1032//1027 1033//1028 1081//1076 1080//1075
f 1033//1028 1034//1029 1082//1077 1081//1076
f 1034//1029 1035//1030 1083//1078 1082//1077
f 1035//1030 1036//1031 1084//1079 1083//1078
f 1036//1031 1037//1032 1085//1080 1084//1079
f 1037//1032 1038//1033 1086//1081 1085//1080
f 1038//1033 1039//1034 1087//1082 1086//1081
f 1039//1034 1040//1035 1088//1083 1087//1082
f 1040//1035 1041//1036 1089//1084 1088//1083
f 1041//1036 1042//1037 1090//1085 1089//1084
f 1042//1037 1043//1038 1091//1086 1090//1085
f 1043//1038 1044//1039 1092//1087 1091//1086
f 1044//1039 1045//1040 1093//1088 1092//1087
f 1045//1040 1046//1041 1094//1089 1093//1088
f 1046//1041 1047//1042 1095//1090 1094//1089
f 1047//1042 1048//1043 1096//1091 1095//1090
f 1048//1043 1049//1044 1097//1092 1096//1091
f 1049//1044 1050//1045 1098//1093 1097//1092
f 1050//1045 1051//1046 1099//1094 1098//1093
f 1051//1046 1052//1047 1100//1095 1099//1094
f 1052//1047 1053//1048 1101//1096 1100//1095
f 1053//1048 1054//1049 1102//1097 1101//1096
f 1054//1049 1055//1050 1103//1098 1102//1097
f 1055//1050 1056//1051 1104//1099 1103//1098
f 1056//1051 1009//1006 1057//1053 1104//1099
f 1057//1053 1058//1052 1106//1100 1105//1101
f 1058//1052 1059//1054 1107//1102 1106//1100
f 1059//1054 1060//1055 1108//1103 1107//1102
f 1060//1055 1061//1056 1109//1104 1108//1103
f 1061//1056 1062//1057 1110//1105 1109//1104
f 1062//1057 1063//1058 1111//1106 1110//1105
f 1063//1058 1064//1059 1112//1107 1111//1106
f 1064//1059 1065//1060 1113//1108 1112//1107
f 1065//1060 1066//1061 1114//1109 1113//1108
f 1066//1061 1067//1062 1115//1110 1114//1109
f 1067//1062 1068//1063 1116//1111 1115//1110
f 1068//1063 1069//1064 1117//1112 1116//1111
f 1069//1064 1070//1065 1118//1113 1117//1112
f 1070//1065 1071//1066 1119//1114 1118//1113
f 1071//1066 1072//1067 1120//1115 1119//1114
f 1072//1067 1073//1068 1121//1116 1120//1115
f 1073//1068 1074//1069 1122//1117 1121//1116
f 1074//1069 1075//1070 1123//1118 1122//1117
f 1075//1070 1076//1071 1124//1119 1123//1118
f 1076//1071 1077//1072 1125//1120 1124//1119
f 1077//1072 1078//1073 1126//1121 1125//1120
f 1078//1073 1079//1074 1127//1122 1126//1121
f 1079//1074 1080//1075 1128//1123 1127//1122
f 1080//1075 1081//1076 1129//1124 1128//1123
f 1081//1076 1082//1077 1130//1125 1129//1124
f 1082//1077 1083//1078 1131//1126 1130//1125
f 1083//1078 1084//1079 1132//1127 1131//1126
f 1084//1079 1085//1080 1133//1128 1132//1127
f 1085//1080 1086//1081 1134//1129 1133//1128
f 1086//1081 1087//1082 1135//1130 1134//1129
f 1087//1082 1088//1083 1136//1131 1135//1130
f 1088//1083 1089//1084 1137//1132 1136//1131
f 1089//1084 1090//1085 1138//1133 1137//1132
f 1090//1085 1091//1086 1139//1134 1138//1133
f 1091//1086 1092//1087 1140//1135 1139//1134
f 1092//1087 1093//1088 1141//1136 1140//1135
f 1093//1088 1094//1089 1142//1137 1141//1136
f 1094//1089 1095//1090 1143//1138 1142//1137
f 1095//1090 1096//1091 1144//1139 1143//1138
f 1096//1091 1097//1092 1145//1140 1144//1139
f 1097//1092 1098//1093 1146//1141 1145//1140
f 1098//1093 1099//1094 1147//1142 1146//1141
f 1099//1094 1100//1095 1148//1143 1147//1142
f 1100//1095 1101//1096 1149//1144 1148//1143
f 1101//1096 1102//1097 1150//1145 1149//1144
f 1102//1097 1103//1098 1151//1146 1150//1145
f 1103//1098 1104//1099 1152//1147 1151//1146
f 1104//1099 1057//1053 1105//1101 1152//1147
f 1105//1101 1106//1100 1154//1148 1153//1149
f 1106//1100 1107//1102 1155//1150 1154//1148
f 1107//1102 1108//1103 1156//1151 1155//1150
f 1108//1103 1109//1104 1157//1152 1156//1151
f 1109//1104 1110//1105 1158//1153 1157//1152
f 1110//1105 1111//1106 1159//1154 1158//1153
f 1111//1106 1112//1107 1160//1155 1159//1154
f 1112//1107 1113//1108 1161//1156 1160//1155
f 1113//1108 1114//1109 1162//1157 1161//1156
f 1114//1109 1115//1110 1163//1158 1162//1157
f 1115//1110 1116//1111 1164//1159 1163//1158
f 1116//1111 1117//1112 1165//1160 1164//1159
f 1117//1112 1118//1113 1166//1161 1165//1160
f 1118//1113 1119//1114 1167//1162 1166//1161
f 1119//1114 1120//1115 1168//1163 1167//1162
f 1120//1115 1121//1116 1169//1164 1168//1163
f 1121//1116 1122//1117 1170//1165 1169//1164
f 1122//1117 1123//1118 1171//1166 1170//1165
f 1123//1118 1124//1119 1172//1167 1171//1166
f 1124//1119 1125//1120 1173//1168 1172//1167
f 1125//1120 1126//1121 1174//1169 1173//1168
f 1126//1121 1127//1122 1175//1170 1174//1169
f 1127//1122 1128//1123 1176//1171 1175//1170
f 1128//1123 1129//1124 1177//1172 1176//1171
f 1129//1124 1130//1125 1178//1173 1177//1172
f 1130//1125 1131//1126 1179//1174 1178//1173
f 1131//1126 1132//1127 1180//1175 1179//1174
f 1132//1127 1133//1128 1181//1176 1180//1175
f 1133//1128 1134//1129 1182//1177 1181//1176
f 1134//1129 1135//1130 1183//1178 1182//1177
f 1135//1130 1136//1131 1184//1179 1183//1178
f 1136//1131 1137//1132 1185//1180 1184//1179
f 1137//1132 1138//1133 1186//1181 1185//1180
f 1138//1133 1139//1134 1187//1182 1186//1181
f 1139//1134 1140//1135 1188//1183 1187//1182
f 1140//1135 1141//1136 1189//1184 1188//1183
f 1141//1136 1142//1137 1190//1185 1189//1184
f 1142//1137 1143//1138 1191//1186 1190//1185
f 1143//1138 1144//1139 1192//1187 1191//1186
f 1144//1139 1145//1140 1193//1188 1192//1187
f 1145//1140 1146//1141 1194//1189 1193//1188
f 1146//1141 1147//1142 1195//1190 1194//1189
f 1147//1142 1148//1143 1196//1191 1195//1190
f 1148//1143 1149//1144 1197//1192 1196//1191
f 1149//1144 1150//1145 1198//1193 1197//1192
f 1150//1145 1151//1146 1199//1194 1198//1193
f 1151//1146 1152//1147 1200//1195 1199//1194
f 1152//1147 1105//1101 1153//1149 1200//1195
f 1341//1196 1437//1197 1436//1198 1340//1199
f 1316//1200 1412//1201 1411//1202 1315//1203
f 1306//1204 1402//1205 1401//1206 1305//1207
f 1241//1208 1352//1209 1351//1210 1242//1211
f 1202//1212 1391//1213 1390//1214 1203//1215
f 1229//1216 1364//1217 1363//1218 1230//1219
f 1321//1220 1417//1221 1416//1222 1320//1223
f 1337//1224 1433//1225 1432//1226 1336//1227
f 1239//1228 1354//1229 1353//1230 1240//1231
f 1206//1232 1387//1233 1386//1234 1207//1235
f 1311//1236 1407//1237 1406//1238 1310//1239
f 1343//1240 1439//1241 1438//1242 1342//1243
f 1297//1244 1393//1245 1440//1246 1344//1247
f 1230//1219 1363//1218 1362//1248 1231//1249
f 1299//1250 1395//1251 1394//1252 1298//1253
f 1320//1223 1416//1222 1415//1254 1319//1255
f 1243//1256 1350//1257 1349//1258 1244//1259
f 1304//1260 1400//1261 1399//1262 1303//1263
f 1336//1227 1432//1226 1431//1264 1335//1265
f 1318//1266 1414//1267 1413//1268 1317//1269
f 1231//1249 1362//1248 1361//1270 1232//1271
f 1245//1272 1348//1273 1347//1274 1246//1275
f 1209//1276 1384//1277 1383//1278 1210//1279
f 1220//1280 1373//1281 1372//1282 1221//1283
f 1329//1284 1425//1285 1424//1286 1328//1287
f 1233//1288 1360//1289 1359//1290 1234//1291
f 1234//1291 1359//1290 1358//1292 1235//1293
f 1242//1211 1351//1210 1350//1257 1243//1256
f 1210//1279 1383//1278 1382//1294 1211//1295
f 1218//1296 1375//1297 1374//1298 1219//1299
f 1334//1300 1430//1301 1429//1302 1333//1303
f 1302//1304 1398//1305 1397//1306 1301//1307
f 1323//1308 1419//1309 1418//1310 1322//1311
f 1237//1312 1356//1313 1355//1314 1238//1315
f 1314//1316 1410//1317 1409//1318 1313//1319
f 1305//1207 1401//1206 1400//1261 1304//1260
f 1298//1253 1394//1252 1393//1245 1297//1244
f 1319//1255 1415//1254 1414//1267 1318//1266
f 1333//1303 1429//1302 1428//1320 1332//1321
f 1301//1307 1397//1306 1396//1322 1300//1323
f 1335//1265 1431//1264 1430//1301 1334//1300
f 1236//1324 1357//1325 1356//1313 1237//1312
f 1310//1239 1406//1238 1405//1326 1309//1327
f 1244//1259 1349//1258 1348//1273 1245//1272
f 1246//1275 1347//1274 1346//1328 1247//1329
f 1238//1315 1355//1314 1354//1229 1239//1228
f 1205//1330 1388//1331 1387//1233 1206//1232
f 1228//1332 1365//1333 1364//1217 1229//1216
f 1211//1295 1382//1294 1381//1334 1212//1335
f 1222//1336 1371//1337 1370//1338 1223//1339
f 1247//1329 1346//1328 1345//1340 1248//1341
f 1328//1287 1424//1286 1423//1342 1327//1343
f 1307//1344 1403//1345 1402//1205 1306//1204
f 1207//1235 1386//1234 1385//1346 1208//1347
f 1317//1269 1413//1268 1412//1201 1316//1200
f 1300//1323 1396//1322 1395//1251 1299//1250
f 1331//1348 1427//1349 1426//1350 1330//1351
f 1325//1352 1421//1353 1420//1354 1324//1355
f 1227//1356 1366//1357 1365//1333 1228//1332
f 1215//1358 1378//1359 1377//1360 1216//1361
f 1303//1263 1399//1262 1398//1305 1302//1304
f 1226//1362 1367//1363 1366//1357 1227//1356
f 1326//1364 1422//1365 1421//1353 1325//1352
f 1214//1366 1379//1367 1378//1359 1215//1358
f 1309//1327 1405//1326 1404//1368 1308//1369
f 1208//1347 1385//1346 1384//1277 1209//1276
f 1339//1370 1435//1371 1434//1372 1338//1373
f 1340//1199 1436//1198 1435//1371 1339//1370
f 1315//1203 1411//1202 1410//1317 1314//1316
f 1217//1374 1376//1375 1375//1297 1218//1296
f 1327//1343 1423//1342 1422//1365 1326//1364
f 1330//1351 1426//1350 1425//1285 1329//1284
f 1221//1283 1372//1282 1371//1337 1222//1336
f 1212//1335 1381//1334 1380//1376 1213//1377
f 1224//1378 1369//1379 1368//1380 1225//1381
f 1338//1373 1434//1372 1433//1225 1337//1224
f 1322//1311 1418//1310 1417//1221 1321//1220
f 1216//1361 1377//1360 1376//1375 1217//1374
f 1332//1321 1428//1320 1427//1349 1331//1348
f 1248//1341 1345//1340 1392//1382 1201//1383
f 1219//1299 1374//1298 1373//1281 1220//1280
f 1213//1377 1380//1376 1379//1367 1214//1366
f 1240//1231 1353//1230 1352//1209 1241//1208
f 1344//1247 1440//1246 1439//1241 1343//1240
f 1313//1319 1409//1318 1408//1384 1312//1385
f 1232//1271 1361//1270 1360//1289 1233//1288
f 1235//1293 1358//1292 1357//1325 1236//1324
f 1223//1339 1370//1338 1369//1379 1224//1378
f 1308//1369 1404//1368 1403//1345 1307//1344
f 1204//1386 1389//1387 1388//1331 1205//1330
f 1225//1381 1368//1380 1367//1363 1226//1362
f 1312//1385 1408//1384 1407//1237 1311//1236
f 1203//1215 1390//1214 1389//1387 1204//1386
f 1324//1355 1420//1354 1419//1309 1323//1308
f 1201//1383 1392//1382 1391//1213 1202//1212
f 1342//1243 1438//1242 1437//1197 1341//1196
f 9//17 1336//1227 1335//1265 10//19
f 48//95 1297//1244 1344//1247 1//1
f 18//35 1327//1343 1326//1364 19//37
f 10//19 1335//1265 1334//1300 11//21
f 20//39 1325//1352 1324//1355 21//41
f 15//29 1330//1351 1329//1284 16//31
f 41//81 1304//1260 1303//1263 42//83
f 38//75 1307//1344 1306//1204 39//77
f 24//47 1321//1220 1320//1223 25//49
f 22//43 1323//1308 1322//1311 23//45
f 16//31 1329//1284 1328//1287 17//33
f 3//5 1342//1243 1341//1196 4//7
f 13//25 1332//1321 1331//1348 14//27
f 37//73 1308//1369 1307//1344 38//75
f 2//2 1343//1240 1342//1243 3//5
f 12//23 1333//1303 1332//1321 13//25
f 34//67 1311//1236 1310//1239 35//69
f 23//45 1322//1311 1321//1220 24//47
f 36//71 1309//1327 1308//1369 37//73
f 30//59 1315//1203 1314//1316 31//61
f 25//49 1320//1223 1319//1255 26//51
f 39//77 1306//1204 1305//1207 40//79
f 26//51 1319//1255 1318//1266 27//53
f 46//91 1299//1250 1298//1253 47//93
f 35//69 1310//1239 1309//1327 36//71
f 11//21 1334//1300 1333//1303 12//23
f 31//61 1314//1316 1313//1319 32//63
f 7//13 1338//1373 1337//1224 8//15
f 33//65 1312//1385 1311//1236 34//67
f 32//63 1313//1319 1312//1385 33//65
f 29//57 1316//1200 1315//1203 30//59
f 19//37 1326//1364 1325//1352 20//39
f 44//87 1301//1307 1300//1323 45//89
f 4//7 1341//1196 1340//1199 5//9
f 17//33 1328//1287 1327//1343 18//35
f 14//27 1331//1348 1330//1351 15//29
f 47//93 1298//1253 1297//1244 48//95
f 1//1 1344//1247 1343//1240 2//2
f 5//9 1340//1199 1339//1370 6//11
f 42//83 1303//1263 1302//1304 43//85
f 45//89 1300//1323 1299//1250 46//91
f 28//55 1317//1269 1316//1200 29//57
f 6//11 1339//1370 1338//1373 7//13
f 43//85 1302//1304 1301//1307 44//87
f 40//79 1305//1207 1304//1260 41//81
f 27//53 1318//1266 1317//1269 28//55
f 8//15 1337//1224 1336//1227 9//17
f 21//41 1324//1355 1323//1308 22//43
f 1357//1325 1453//1388 1452//1389 1356//1313
f 1347//1274 1443//1390 1442//1391 1346//1328
f 1440//1246 1536//1392 1535//1393 1439//1241
f 1412//1201 1508//1394 1507//1395 1411//1202
f 1435//1371 1531//1396 1530//1397 1434//1372
f 1429//1302 1525//1398 1524//1399 1428//1320
f 1438//1242 1534//1400 1533//1401 1437//1197
f 1387//1233 1483//1402 1482//1403 1386//1234
f 1386//1234 1482//1403 1481//1404 1385//1346
f 1426//1350 1522//1405 1521//1406 1425//1285
f 1427//1349 1523//1407 1522//1405 1426//1350
f 1353//1230 1449//1408 1448//1409 1352//1209
f 1381//1334 1477//1410 1476//1411 1380//1376
f 1371//1337 1467//1412 1466//1413 1370//1338
f 1354//1229 1450//1414 1449//1408 1353//1230
f 1376//1375 1472//1415 1471//1416 1375//1297
f 1352//1209 1448//1409 1447//1417 1351//1210
f 1428//1320 1524//1399 1523//1407 1427//1349
f 1411//1202 1507//1395 1506//1418 1410//1317
f 1425//1285 1521//1406 1520//1419 1424//1286
f 1406//1238 1502//1420 1501//1421 1405//1326
f 1431//1264 1527//1422 1526//1423 1430//1301
f 1401//1206 1497//1424 1496//1425 1400//1261
f 1388//1331 1484//1426 1483//1402 1387//1233
f 1350//1257 1446//1427 1445//1428 1349//1258
f 1417//1221 1513//1429 1512//1430 1416//1222
f 1382//1294 1478//1431 1477//1410 1381//1334
f 1349//1258 1445//1428 1444//1432 1348//1273
f 1395//1251 1491//1433 1490//1434 1394//1252
f 1378//1359 1474//1435 1473//1436 1377//1360
f 1436//1198 1532//1437 1531//1396 1435//1371
f 1408//1384 1504//1438 1503//1439 1407//1237
f 1392//1382 1488//1440 1487//1441 1391//1213
f 1367//1363 1463//1442 1462//1443 1366//1357
f 1356//1313 1452//1389 1451//1444 1355//1314
f 1348//1273 1444//1432 1443//1390 1347//1274
f 1368//1380 1464//1445 1463//1442 1367//1363
f 1391//1213 1487//1441 1486//1446 1390//1214
f 1383//1278 1479//1447 1478//1431 1382//1294
f 1423//1342 1519//1448 1518//1449 1422//1365
f 1369//1379 1465//1450 1464//1445 1368//1380
f 1434//1372 1530//1397 1529//1451 1433//1225
f 1415//1254 1511//1452 1510//1453 1414//1267
f 1377//1360 1473//1436 1472//1415 1376//1375
f 1400//1261 1496//1425 1495//1454 1399//1262
f 1374//1298 1470//1455 1469//1456 1373//1281
f 1396//1322 1492//1457 1491//1433 1395//1251
f 1389//1387 1485//1458 1484//1426 1388//1331
f 1360//1289 1456//1459 1455//1460 1359//1290
f 1398//1305 1494//1461 1493//1462 1397//1306
f 1351//1210 1447//1417 1446//1427 1350//1257
f 1405//1326 1501//1421 1500//1463 1404//1368
f 1420//1354 1516//1464 1515//1465 1419//1309
f 1419//1309 1515//1465 1514//1466 1418//1310
f 1373//1281 1469//1456 1468//1467 1372//1282
f 1399//1262 1495//1454 1494//1461 1398//1305
f 1372//1282 1468//1467 1467//1412 1371//1337
f 1409//1318 1505//1468 1504//1438 1408//1384
f 1358//1292 1454//1469 1453//1388 1357//1325
f 1404//1368 1500//1463 1499//1470 1403//1345
f 1380//1376 1476//1411 1475//1471 1379//1367
f 1422//1365 1518//1449 1517//1472 1421//1353
f 1370//1338 1466//1413 1465//1450 1369//1379
f 1418//1310 1514//1466 1513//1429 1417//1221
f 1410//1317 1506//1418 1505//1468 1409//1318
f 1375//1297 1471//1416 1470//1455 1374//1298
f 1397//1306 1493//1462 1492//1457 1396//1322
f 1345//1340 1441//1473 1488//1440 1392//1382
f 1346//1328 1442//1391 1441//1473 1345//1340
f 1424//1286 1520//1419 1519//1448 1423//1342
f 1355//1314 1451//1444 1450//1414 1354//1229
f 1437//1197 1533//1401 1532//1437 1436//1198
f 1361//1270 1457//1474 1456//1459 1360//1289
f 1414//1267 1510//1453 1509//1475 1413//1268
f 1407//1237 1503//1439 1502//1420 1406//1238
f 1390//1214 1486//1446 1485//1458 1389//1387
f 1384//1277 1480//1476 1479//1447 1383//1278
f 1363//1218 1459//1477 1458//1478 1362//1248
f 1403//1345 1499//1470 1498//1479 1402//1205
f 1365//1333 1461//1480 1460//1481 1364//1217
f 1393//1245 1489//1482 1536//1392 1440//1246
f 1432//1226 1528//1483 1527//1422 1431//1264
f 1413//1268 1509//1475 1508//1394 1412//1201
f 1416//1222 1512//1430 1511//1452 1415//1254
f 1364//1217 1460//1481 1459//1477 1363//1218
f 1433//1225 1529//1451 1528//1483 1432//1226
f 1362//1248 1458//1478 1457//1474 1361//1270
f 1402//1205 1498//1479 1497//1424 1401//1206
f 1394//1252 1490//1434 1489//1482 1393//1245
f 1359//1290 1455//1460 1454//1469 1358//1292
f 1421//1353 1517//1472 1516//1464 1420//1354
f 1430//1301 1526//1423 1525//1398 1429//1302
f 1379//1367 1475//1471 1474//1435 1378//1359
f 1385//1346 1481//1404 1480//1476 1384//1277
f 1439//1241 1535//1393 1534//1400 1438//1242
f 1366//1357 1462//1443 1461//1480 1365//1333
f 1528//1483 1257//1484 1258//1485 1527//1422
f 1529//1451 1256//1486 1257//1484 1528//1483
f 1284//1487 1476//1411 1477//1410 1285//1488
f 1489//1482 1296//1489 1249//1490 1536//1392
f 1512//1430 1273//1491 1274//1492 1511//1452
f 1508//1394 1277//1493 1278//1494 1507//1395
f 1534//1400 1251//1495 1252//1496 1533//1401
f 1523//1407 1262//1497 1263//1498 1522//1405
f 1495//1454 1290//1499 1291//1500 1494//1461
f 1285//1488 1477//1410 1478//1431 1286//1501
f 1294//1502 1486//1446 1487//1441 1295//1503
f 1251//1495 1443//1390 1444//1432 1252//1496
f 1511//1452 1274//1492 1275//1504 1510//1453
f 1496//1425 1289//1505 1290//1499 1495//1454
f 1283//1506 1475//1471 1476//1411 1284//1487
f 1290//1499 1482//1403 1483//1402 1291//1500
f 1493//1462 1292//1507 1293//1508 1492//1457
f 1507//1395 1278//1494 1279//1509 1506//1418
f 1497//1424 1288//1510 1289//1505 1496//1425
f 1266//1511 1458//1478 1459//1477 1267//1512
f 1276//1513 1468//1467 1469//1456 1277//1493
f 1501//1421 1284//1487 1285//1488 1500//1463
f 1535//1393 1250//1514 1251//1495 1534//1400
f 1278//1494 1470//1455 1471//1416 1279//1509
f 1274//1492 1466//1413 1467//1412 1275//1504
f 1500//1463 1285//1488 1286//1501 1499//1470
f 1505//1468 1280//1515 1281//1516 1504//1438
f 1252//1496 1444//1432 1445//1428 1253//1517
f 1258//1485 1450//1414 1451//1444 1259//1518
f 1275//1504 1467//1412 1468//1467 1276//1513
f 1277//1493 1469//1456 1470//1455 1278//1494
f 1293//1508 1485//1458 1486//1446 1294//1502
f 1509//1475 1276//1513 1277//1493 1508//1394
f 1519//1448 1266//1511 1267//1512 1518//1449
f 1253//1517 1445//1428 1446//1427 1254//1519
f 1532//1437 1253//1517 1254//1519 1531//1396
f 1530//1397 1255//1520 1256//1486 1529//1451
f 1269//1521 1461//1480 1462//1443 1270//1522
f 1261//1523 1453//1388 1454//1469 1262//1497
f 1288//1510 1480//1476 1481//1404 1289//1505
f 1491//1433 1294//1502 1295//1503 1490//1434
f 1286//1501 1478//1431 1479//1447 1287//1524
f 1289//1505 1481//1404 1482//1403 1290//1499
f 1280//1515 1472//1415 1473//1436 1281//1516
f 1254//1519 1446//1427 1447//1417 1255//1520
f 1526//1423 1259//1518 1260//1525 1525//1398
f 1498//1479 1287//1524 1288//1510 1497//1424
f 1257//1484 1449//1408 1450//1414 1258//1485
f 1514//1466 1271//1526 1272//1527 1513//1429
f 1259//1518 1451//1444 1452//1389 1260//1525
f 1527//1422 1258//1485 1259//1518 1526//1423
f 1499//1470 1286//1501 1287//1524 1498//1479
f 1521//1406 1264//1528 1265//1529 1520//1419
f 1260//1525 1452//1389 1453//1388 1261//1523
f 1273//1491 1465//1450 1466//1413 1274//1492
f 1522//1405 1263//1498 1264//1528 1521//1406
f 1536//1392 1249//1490 1250//1514 1535//1393
f 1287//1524 1479//1447 1480//1476 1288//1510
f 1513//1429 1272//1527 1273//1491 1512//1430
f 1295//1503 1487//1441 1488//1440 1296//1489
f 1279//1509 1471//1416 1472//1415 1280//1515
f 1250//1514 1442//1391 1443//1390 1251//1495
f 1502//1420 1283//1506 1284//1487 1501//1421
f 1249//1490 1441//1473 1442//1391 1250//1514
f 1268//1530 1460//1481 1461//1480 1269//1521
f 1272//1527 1464//1445 1465//1450 1273//1491
f 1263//1498 1455//1460 1456//1459 1264//1528
f 1255//1520 1447//1417 1448//1409 1256//1486
f 1291//1500 1483//1402 1484//1426 1292//1507
f 1518//1449 1267//1512 1268//1530 1517//1472
f 1271//1526 1463//1442 1464//1445 1272//1527
f 1282//1531 1474//1435 1475//1471 1283//1506
f 1504//1438 1281//1516 1282//1531 1503//1439
f 1510//1453 1275//1504 1276//1513 1509//1475
f 1256//1486 1448//1409 1449//1408 1257//1484
f 1516//1464 1269//1521 1270//1522 1515//1465
f 1503//1439 1282//1531 1283//1506 1502//1420
f 1515//1465 1270//1522 1271//1526 1514//1466
f 1492//1457 1293//1508 1294//1502 1491//1433
f 1267//1512 1459//1477 1460//1481 1268//1530
f 1296//1489 1488//1440 1441//1473 1249//1490
f 1292//1507 1484//1426 1485//1458 1293//1508
f 1270//1522 1462//1443 1463//1442 1271//1526
f 1533//1401 1252//1496 1253//1517 1532//1437
f 1264//1528 1456//1459 1457//1474 1265//1529
f 1520//1419 1265//1529 1266//1511 1519//1448
f 1525//1398 1260//1525 1261//1523 1524//1399
f 1531//1396 1254//1519 1255//1520 1530//1397
f 1265//1529 1457//1474 1458//1478 1266//1511
f 1517//1472 1268//1530 1269//1521 1516//1464
f 1262//1497 1454//1469 1455//1460 1263//1498
f 1494//1461 1291//1500 1292//1507 1493//1462
f 1281//1516 1473//1436 1474//1435 1282//1531
f 1524//1399 1261//1523 1262//1497 1523//1407
f 1506//1418 1279//1509 1280//1515 1505//1468
f 1490//1434 1295//1503 1296//1489 1489//1482
